ProteinID	Known_GO_Terms
A0QZ48	GO:0010498, GO:0019941, GO:0031386, GO:0070490, GO:0070628
A5A616	GO:0005886, GO:0010350, GO:0010960
D3VML5	GO:0001897, GO:0005576, GO:0009275, GO:0050830
D4GWB3	GO:0008270, GO:0090606, GO:0097590
D4GZE7	GO:0000166, GO:0031386, GO:0032446
E5KIB6	GO:0043245, GO:0050830
G4V4G2	GO:0005737, GO:0017000, GO:0034552
H9L478	GO:0031472, GO:0051144
O32583	GO:0000166, GO:0009228, GO:0009229, GO:0052837, GO:0097163, GO:1902503, GO:1990228
O33348	GO:0003677, GO:0004519, GO:0006401, GO:0045892, GO:0045926
O53353	GO:0003677, GO:0005737, GO:0035731, GO:0045454, GO:0045892, GO:0046872, GO:0047134, GO:0051539
O54329	GO:0005102, GO:0005576, GO:0006865, GO:0031640, GO:0042391, GO:0050829, GO:0050830
O69078	GO:0005829, GO:0006109, GO:0006402, GO:0009372, GO:0030254, GO:0033103, GO:0043455, GO:0045947, GO:0045948, GO:0048027, GO:1900190
O87236	GO:0005102, GO:0005576, GO:0031640, GO:0050830
O87237	GO:0005102, GO:0005576, GO:0031640, GO:0050830
P05043	GO:0016787, GO:0030435, GO:0043937, GO:0046983
P08821	GO:0003677, GO:0005829, GO:0009295, GO:0030261, GO:0030527
P08877	GO:0005737, GO:0009401, GO:0043610
P09190	GO:0005506, GO:0009055, GO:0009539, GO:0009767, GO:0020037, GO:0030096, GO:0031676
P09191	GO:0005506, GO:0009055, GO:0009539, GO:0009767, GO:0020037, GO:0030096, GO:0031676, GO:0042802
P0A1C7	GO:0031472, GO:0051144
P0A223	GO:0005576, GO:0009986, GO:0030254, GO:0030257, GO:0042802
P0A3C9	GO:0009055, GO:0022900, GO:0046872, GO:0051537
P0A6A8	GO:0000035, GO:0000036, GO:0005737, GO:0005829, GO:0006633, GO:0008289, GO:0008610, GO:0009245, GO:0009410, GO:0031177
P0A6F9	GO:0005524, GO:0005829, GO:0006457, GO:0009408, GO:0019068, GO:0042802, GO:0044183, GO:0046872, GO:0051082, GO:0051085, GO:0051087, GO:1990220
P0A6R3	GO:0000786, GO:0000976, GO:0001046, GO:0001216, GO:0001217, GO:0003677, GO:0005829, GO:0006351, GO:0006355, GO:0009295, GO:0009314, GO:0031421, GO:0032359, GO:0032993, GO:0042803, GO:0043565, GO:0044374, GO:0045911, GO:0051276
P0A6X7	GO:0000976, GO:0001216, GO:0003677, GO:0005829, GO:0006310, GO:0006351, GO:0006417, GO:0030527, GO:0032993, GO:1990177
P0A6Y1	GO:0003677, GO:0005694, GO:0005829, GO:0006310, GO:0006351, GO:0006355, GO:0006417, GO:0030527, GO:1990177
P0A7L8	GO:0000027, GO:0000049, GO:0001558, GO:0002181, GO:0003735, GO:0005737, GO:0019843, GO:0022625, GO:0042256, GO:0043022, GO:0090070, GO:1902626
P0A7M2	GO:0000027, GO:0002181, GO:0003735, GO:0005737, GO:0005829, GO:0019843, GO:0022625
P0A7M6	GO:0000027, GO:0002181, GO:0003735, GO:0005737, GO:0019843, GO:0022625
P0A7M9	GO:0002181, GO:0003735, GO:0005737, GO:0005829, GO:0006412, GO:0006413, GO:0008270, GO:0019843, GO:0022625, GO:1904689
P0A7N4	GO:0000027, GO:0000302, GO:0002181, GO:0003735, GO:0005737, GO:0005829, GO:0009314, GO:0022625
P0A7N9	GO:0000027, GO:0000049, GO:0002181, GO:0003735, GO:0005737, GO:0005829, GO:0022625, GO:0046677
P0A7T3	GO:0000028, GO:0000400, GO:0002181, GO:0003735, GO:0004520, GO:0005737, GO:0015935, GO:0022627
P0A7T7	GO:0002181, GO:0003735, GO:0005737, GO:0005829, GO:0006412, GO:0022627, GO:0048027, GO:0070181
P0A7U3	GO:0000028, GO:0000049, GO:0002181, GO:0003735, GO:0005737, GO:0005829, GO:0019843, GO:0022627
P0A7U7	GO:0000028, GO:0002181, GO:0003735, GO:0005737, GO:0005829, GO:0008073, GO:0015935, GO:0022627, GO:0070181
P0A800	GO:0000345, GO:0001000, GO:0003677, GO:0003899, GO:0005829, GO:0006352, GO:0006879, GO:0008023, GO:0009408, GO:0030880, GO:0031564, GO:0032784, GO:0036460, GO:0042128, GO:0044780, GO:0048870, GO:0065003, GO:0071973, GO:0090605, GO:2000142
P0A890	GO:0002143, GO:0005829, GO:0006777, GO:0019448, GO:0097163, GO:1990329
P0A8G9	GO:0005829, GO:0006298, GO:0006308, GO:0008855, GO:0009318
P0A968	GO:0003676, GO:0003697, GO:0003723, GO:0005829, GO:0006355, GO:0008156, GO:0010468, GO:0042594, GO:0042803, GO:0090729
P0A972	GO:0001072, GO:0003676, GO:0003697, GO:0003723, GO:0005829, GO:0008143, GO:0010468, GO:0031564, GO:0042803, GO:0060567
P0A9X9	GO:0001072, GO:0003676, GO:0003677, GO:0003697, GO:0003723, GO:0003727, GO:0005829, GO:0009409, GO:0010468, GO:0045893, GO:0060567
P0A9Y6	GO:0001072, GO:0003676, GO:0003697, GO:0003723, GO:0005829, GO:0010468, GO:0016020, GO:0034605, GO:0042803, GO:0051087, GO:0060567
P0AA04	GO:0004857, GO:0005829, GO:0008047, GO:0009401, GO:0016775, GO:0030234, GO:0043609, GO:0045152, GO:0045819
P0AAM3	GO:0005506, GO:0042802, GO:0051604, GO:0065003, GO:1902670
P0AAM7	GO:0005506, GO:0042802, GO:0051604, GO:0065003, GO:1902670
P0AAW9	GO:0005886, GO:0009279, GO:0042910, GO:0046677, GO:1990961
P0ABS8	GO:0003677, GO:0003887, GO:0005829, GO:0006261, GO:0006272, GO:0006273, GO:0009360, GO:0030894, GO:0044776
P0ACE3	GO:0003677, GO:0005667, GO:0005829, GO:0006355, GO:0010468, GO:0097495
P0ACF0	GO:0003677, GO:0005829, GO:0006270, GO:0006281, GO:0006351, GO:0006974, GO:0016020, GO:0030261, GO:0030527, GO:0036386, GO:0042802, GO:1990103, GO:1990178
P0ACF4	GO:0003677, GO:0005829, GO:0006270, GO:0006281, GO:0006351, GO:0030261, GO:0030527, GO:0036386, GO:0042802, GO:1990103, GO:1990178
P0ADZ0	GO:0000027, GO:0002181, GO:0003735, GO:0005737, GO:0019843, GO:0022625
P0ADZ4	GO:0000028, GO:0002181, GO:0003735, GO:0005737, GO:0005829, GO:0006412, GO:0006417, GO:0019843, GO:0022627, GO:0070181
P0AE72	GO:0003677, GO:0003690, GO:0006355, GO:0032991, GO:0040008, GO:0042803, GO:0044010, GO:0044877, GO:0097351, GO:0110001
P0AF36	GO:0000917, GO:0005829, GO:0032153, GO:0042802, GO:0043093
P0AF61	GO:0004521
P0AFE4	GO:0005886, GO:0008137, GO:0016020, GO:0022904, GO:0030964, GO:0042773, GO:0045271, GO:0045272, GO:0048038, GO:0050136
P0AFX0	GO:0005829, GO:0017148, GO:0022611, GO:0022627, GO:0043022, GO:0043024, GO:0045900
P0AG63	GO:0000028, GO:0002181, GO:0003735, GO:0005737, GO:0008270, GO:0019843, GO:0022627, GO:0046677, GO:0060090, GO:0070181
P0C037	GO:0004731, GO:0004850, GO:0005829, GO:0009032, GO:0016154, GO:0042803, GO:0047975
P0C077	GO:0000976, GO:0001217, GO:0004521, GO:0006355, GO:0006402, GO:0017148, GO:0019843, GO:0032993, GO:0034198, GO:0040008, GO:0043022, GO:0044010, GO:0046677, GO:0097351, GO:0110001
P0C079	GO:0000976, GO:0001217, GO:0006351, GO:0006355, GO:0032993, GO:0040008, GO:0044010, GO:0097351, GO:0110001
P0C8P9	GO:0005576, GO:0017148, GO:0030371, GO:0031640, GO:0050829, GO:0050830
P0DTV7	GO:0006448, GO:0019843, GO:0031556
P14835	GO:0015979, GO:0030096, GO:0031676, GO:0042301, GO:0050821
P19267	GO:0003690, GO:0005694, GO:0005737, GO:0006265, GO:0042803, GO:0046982, GO:0051260
P23873	GO:0000976, GO:0001046, GO:0001217, GO:0006351, GO:0006355, GO:0032993, GO:0040008, GO:0042803, GO:0043565, GO:0045892, GO:0110001
P27320	GO:0009055, GO:0022900, GO:0046872, GO:0051537
P30748	GO:0000166, GO:0005829, GO:0006777, GO:1990133, GO:1990140
P31087	GO:0009055, GO:0009522, GO:0009773, GO:0016491, GO:0031676, GO:0046872, GO:0051539, GO:0060090
P31992	GO:0005737, GO:0016862, GO:0042803
P33911	GO:0005829, GO:0006109, GO:0006402, GO:0045947, GO:0048027, GO:1902208
P36675	GO:0000049, GO:0006417, GO:0019843, GO:0043023, GO:0072344
P36937	GO:0005886, GO:0006813, GO:0008556, GO:0031004, GO:0071805, GO:0098655, GO:1903103
P37188	GO:0005829, GO:0008982, GO:0009401, GO:0015796, GO:0019402, GO:0090584, GO:1902495
P41784	GO:0005576, GO:0009986, GO:0030254, GO:0030257, GO:0042802
P41791	GO:0006091, GO:0031471, GO:0046336
P41792	GO:0006091, GO:0031469, GO:0046336
P45689	GO:0015977, GO:0031470, GO:0043886
P45956	GO:0003677, GO:0004519, GO:0043571, GO:0051607, GO:0099048
P56100	GO:0005886, GO:0006119, GO:0016020, GO:0016679, GO:0019646, GO:0019867, GO:0070069
P56976	GO:0000935, GO:0005886, GO:0016020, GO:0036460, GO:0046677, GO:0051301
P60849	GO:0003690, GO:0003723, GO:0004518, GO:0005694, GO:0005737, GO:0030261, GO:0042802
P62552	GO:0003677, GO:0017053, GO:0032984, GO:0045892, GO:0097351, GO:0110001
P64461	GO:0002952, GO:0005829, GO:0009372, GO:0016491, GO:0016853, GO:0016861
P64467	GO:0003677, GO:0036386, GO:0036411, GO:0043590, GO:0045892, GO:0060566, GO:1900232
P64512	GO:0005886, GO:0010447, GO:0070298, GO:0071286
P64602	GO:0005829, GO:0006974, GO:0015914, GO:0016020, GO:0046677, GO:0120010, GO:0120014, GO:1990531
P68577	GO:0005576, GO:0031640, GO:0050830
P68688	GO:0000166, GO:0005737, GO:0009055, GO:0009263, GO:0010134, GO:0015035, GO:0015036, GO:0015038, GO:0019153, GO:0019345, GO:0034599, GO:0045454
P68699	GO:0005886, GO:0008289, GO:0015986, GO:0042777, GO:0045259, GO:0045263, GO:0046933, GO:0046961
P68919	GO:0000027, GO:0002181, GO:0003735, GO:0005737, GO:0005829, GO:0006412, GO:0008097, GO:0009314, GO:0017148, GO:0022625
P69346	GO:0006355, GO:0015643, GO:0040008, GO:0042803, GO:0043565, GO:0044010, GO:0045892, GO:0110001
P69348	GO:0003723, GO:0004519, GO:0004521, GO:0006355, GO:0006402, GO:0009408, GO:0016892, GO:0040008, GO:0042803, GO:0043024, GO:0044010, GO:0045947, GO:0098795, GO:0110001
P69428	GO:0005829, GO:0005886, GO:0008320, GO:0009977, GO:0033281, GO:0042802, GO:0043953, GO:0065002
P69776	GO:0005576, GO:0008289, GO:0009279, GO:0016020, GO:0030258, GO:0030288, GO:0042802, GO:0042834, GO:0043580
P69913	GO:0005829, GO:0006109, GO:0006402, GO:0017148, GO:0045947, GO:0045948, GO:0048027, GO:0048255
P70994	GO:0016853
P72932	GO:0009523, GO:0010117, GO:0015979, GO:0016168, GO:0031409, GO:0031676, GO:1990066
P73183	GO:0009523, GO:0010207, GO:0016168, GO:0031409, GO:0031676, GO:0042651, GO:1990066
P73429	GO:0009523, GO:0010207, GO:0016168, GO:0031409, GO:0031676, GO:0042651, GO:1990066
P73563	GO:0009523, GO:0015979, GO:0016168, GO:0031409, GO:0031676, GO:0042651, GO:1990066
P76334	GO:0005886, GO:0032153, GO:0043093
P82679	GO:0004497
P83674	GO:0005102, GO:0005576, GO:0006965, GO:0031640, GO:0050830
P86013	GO:0005102, GO:0005576, GO:0050830, GO:0051838
P86475	GO:0005102, GO:0005615, GO:0031640, GO:0050830
P86476	GO:0005102, GO:0005615, GO:0031640, GO:0050830
P95434	GO:0005576, GO:0009986, GO:0030254, GO:0030257
P9WF09	GO:0003677, GO:0004519, GO:0006401, GO:0045892
P9WF43	GO:0003677, GO:0005737, GO:0015035, GO:0035731, GO:0045454, GO:0045892, GO:0046872, GO:0047134, GO:0051539, GO:0071731
P9WHN5	GO:0010498, GO:0019941, GO:0031386, GO:0060090, GO:0070490, GO:0070628
P9WK09	GO:0005507, GO:0008270, GO:0010043, GO:0010045, GO:0032025, GO:0046686, GO:0046688, GO:0097578
P9WKY5	GO:0003682, GO:0005576, GO:0010484, GO:0030430, GO:0042025, GO:0042393, GO:0044068
P9WNK5	GO:0005576, GO:0005886, GO:0009274, GO:0044165, GO:0044228, GO:0044315, GO:0046812
P9WNK7	GO:0005576, GO:0005737, GO:0005829, GO:0005886, GO:0009274, GO:0020002, GO:0042803, GO:0044165, GO:0044228, GO:0044315, GO:0046812, GO:0052027, GO:0052085
P9WPE5	GO:0005524, GO:0005576, GO:0005829, GO:0005886, GO:0006355, GO:0009274, GO:0009408, GO:0034605, GO:0035375, GO:0044183, GO:0046677, GO:0046872, GO:0051082, GO:0051085, GO:0051087
Q09T02	GO:0005102, GO:0005576, GO:0031640, GO:0046931, GO:0050830
Q46865	GO:0004521, GO:0006355, GO:0009372, GO:0016892, GO:0017148, GO:0043488, GO:0044010, GO:0045892, GO:0061157, GO:0110001, GO:2000145
Q47149	GO:0003677, GO:0003723, GO:0004521, GO:0006402, GO:0006415, GO:0016892, GO:0040008, GO:0043022, GO:0044010, GO:0045892, GO:0046677, GO:0110001
Q47150	GO:0000987, GO:0003677, GO:0006351, GO:0015643, GO:0040008, GO:0042803, GO:0044010, GO:0045892, GO:0110001, GO:2000143
Q55354	GO:0009539, GO:0015979, GO:0030096, GO:0031676
Q5F924	GO:0001671, GO:0003690, GO:0003697, GO:0006269, GO:0032781, GO:0042803, GO:0051096, GO:0051117, GO:1990099
Q6MX01	GO:0003677, GO:0005737, GO:0035731, GO:0045454, GO:0045892, GO:0046677, GO:0046872, GO:0047134, GO:0051539, GO:0070542
Q7A225	GO:0003729, GO:0004521, GO:0006276, GO:0006401, GO:0008285, GO:0017148, GO:0030308, GO:0030371, GO:0043022
Q8L3B2	GO:0006558, GO:0016625, GO:0046872, GO:0047110, GO:0051287, GO:0051539
Q97NV3	GO:0005524, GO:0005737, GO:0042802, GO:0044183
Q97X43	GO:0000428, GO:0003899, GO:0006351, GO:0045892, GO:0046872, GO:0051607
Q9AD92	GO:0005576, GO:0007155, GO:0009289, GO:0009986, GO:0042802
Q9HY80	GO:0046872, GO:0051537
Q9KFX8	GO:0000287, GO:0004520, GO:0004521, GO:0042803, GO:0043571, GO:0051607
A5A627	GO:0005253, GO:0005886, GO:0006974, GO:0009432, GO:0016020, GO:0022611
B0SR19	GO:0005355, GO:0005886, GO:0016020, GO:0042803, GO:1904659
B2MVM5	GO:0005576, GO:0031640, GO:0050830
B8YB63	GO:0000428, GO:0003677, GO:0003899, GO:0005737, GO:0006351, GO:0008270
B8YB64	GO:0000428, GO:0003677, GO:0003899, GO:0005737, GO:0006351, GO:0008270
C6FX52	GO:0045900, GO:0050829, GO:0050830, GO:0070180
C7G1H4	GO:0005576, GO:0031640, GO:0050830
D4GUF6	GO:0000166, GO:0031386, GO:0032446
E9K9Z1	GO:0005576, GO:0031640, GO:0050830
J2EKT7	GO:0008270, GO:0046870
O05228	GO:0005886, GO:0015385, GO:0036376
O07434	GO:0000976, GO:0001217, GO:0005737, GO:0032993, GO:0045892, GO:0046688, GO:0046872
O30434	GO:0005576, GO:0031640, GO:0050830
O31466	GO:0005737, GO:0042802
O33347	GO:0003677, GO:0006355, GO:0045927, GO:0097351
O34800	GO:0030435, GO:0097351
O50461	GO:0003677, GO:0004519, GO:0006401, GO:0045926
P08365	GO:0003677, GO:0006355, GO:0030307, GO:0040008, GO:0044010, GO:0097351, GO:0110001
P08874	GO:0003677, GO:0030435, GO:0042802, GO:0043937, GO:0045892
P0A307	GO:0005886, GO:0008289, GO:0015986, GO:0045263, GO:0046933
P0A734	GO:0000918, GO:0001671, GO:0005829, GO:0005886, GO:0032955, GO:0042802
P0A7N1	GO:0002181, GO:0003735, GO:0005737, GO:0006412, GO:0022625, GO:0034224
P0A7Q1	GO:0002181, GO:0003735, GO:0005737, GO:0022625
P0A843	GO:0005886, GO:0008320, GO:0033281, GO:0043953, GO:0065002
P0A8H8	GO:0006355, GO:0008270, GO:0008657
P0A9I5	GO:0005048, GO:0005737, GO:0051224
P0A9L5	GO:0003755, GO:0005737
P0A9W6	GO:0005829, GO:0006879, GO:0016226, GO:0045454, GO:0051537, GO:0097533, GO:1990229
P0AAN9	GO:0005737, GO:0016036, GO:0042177, GO:0043856
P0AB40	GO:0006950, GO:0009279, GO:0044010, GO:0046688
P0AB65	GO:0003998, GO:0009408
P0ABF4	GO:0005198, GO:0031471, GO:0034214, GO:0042802, GO:0046336
P0AC62	GO:0005737, GO:0005829, GO:0009263, GO:0015035, GO:0015038, GO:0034599, GO:0043295, GO:0045454
P0ACG4	GO:0005886, GO:0042597
P0AD89	GO:0006569, GO:0019843, GO:0031556, GO:0090358
P0ADF8	GO:0003984, GO:0005829, GO:0005948, GO:0009082, GO:0009097, GO:0009099, GO:1990610
P0ADG1	GO:0003984, GO:0005948, GO:0008652, GO:0009082, GO:0009097, GO:0009099
P0AEJ8	GO:0006974, GO:0031469, GO:0034214, GO:0042802, GO:0046336
P0AFW2	GO:0005737, GO:0019843, GO:0022611, GO:0032055, GO:0043022, GO:0043024
P0AG51	GO:0000027, GO:0002181, GO:0003735, GO:0005737, GO:0022625
P0C0L9	GO:0004857, GO:0005506, GO:0005829, GO:0008198, GO:0016226
P11521	GO:0000428, GO:0001054, GO:0001055, GO:0001056, GO:0003677, GO:0003899, GO:0005737, GO:0006351
P12878	GO:0003735, GO:0006412, GO:0008270, GO:0015935, GO:0019843
P15819	GO:0009539, GO:0015979, GO:0030096, GO:0031676
P22995	GO:0030541, GO:0042803, GO:0043565, GO:0045892, GO:0051290, GO:0097351
P32081	GO:0003676, GO:0003677, GO:0005737, GO:0009295, GO:0010468
P33229	GO:0009307, GO:0046677, GO:1990238
P39463	GO:0000428, GO:0003677, GO:0003899, GO:0005737, GO:0006351
P39472	GO:0000428, GO:0003677, GO:0003899, GO:0005737, GO:0006351, GO:0008270
P46217	GO:0000428, GO:0003677, GO:0003899, GO:0005737, GO:0006351, GO:0046983
P48781	GO:0003690, GO:0005694, GO:0005737, GO:0006265, GO:0042803, GO:0046982
P49228	GO:0003735, GO:0006412, GO:0015934, GO:0019843, GO:0046872
P58034	GO:0000935, GO:0005886, GO:0051301
P60832	GO:0001682, GO:0003723, GO:0004526, GO:0005737, GO:0030677
P64559	GO:0005737, GO:0006105, GO:0034552
P64646	GO:0005886, GO:0016020, GO:0060187
P68191	GO:0005829, GO:0006412, GO:0043024
P68679	GO:0000028, GO:0002181, GO:0003735, GO:0005737, GO:0005829, GO:0019843, GO:0022627
P69222	GO:0003743, GO:0005829, GO:0019843, GO:0043022
P69330	GO:0005737, GO:0006084, GO:0006101, GO:0009346, GO:0051192
P72575	GO:0015979, GO:0030096, GO:0031676
P72701	GO:0019684, GO:0030096, GO:0031676
P73070	GO:0009523, GO:0009539, GO:0015979, GO:0030096, GO:0031676
P73528	GO:0009539, GO:0015979, GO:0030096, GO:0031676, GO:0042549
P73545	GO:0031676, GO:0042619, GO:0070088
P73676	GO:0015979, GO:0030096, GO:0030145, GO:0031676
P74787	GO:0009539, GO:0015979, GO:0030096, GO:0031676
P75993	GO:0003677, GO:0042542, GO:0042803, GO:0044010, GO:0071468
P76106	GO:0003729, GO:0004521, GO:0006355, GO:0006402, GO:0040008, GO:0110001
P76136	GO:0005886, GO:0010447
P83657	GO:0004096, GO:0020037, GO:0042542, GO:0042744, GO:0046872
P85078	GO:0004860, GO:0006469, GO:0050830
P86720	GO:0005102, GO:0005576, GO:0009275, GO:0031640, GO:0050830
P96621	GO:0006355, GO:0042802
P9WF21	GO:0097351, GO:0098754
P9WF25	GO:0003677, GO:0006355
P9WIG7	GO:0005576, GO:0009986
P9WJ87	GO:0003677, GO:0006355, GO:0045926, GO:0097351, GO:0098754
P9WNK3	GO:0005576, GO:0005829, GO:0046872, GO:0097013
P9WP33	GO:0005829, GO:0019344, GO:0032991
P9WQF1	GO:0000035, GO:0000036, GO:0005829, GO:0009245, GO:0019540
Q03512	GO:0015977, GO:0015979, GO:0031470, GO:0043886
Q09123	GO:0005524, GO:0008865, GO:0016052, GO:0046872
Q2EES9	GO:0003677, GO:0006310, GO:0042802, GO:0043565, GO:0044349, GO:2000143
Q2FXT0	GO:0003735, GO:0006412, GO:0022625
Q46868	GO:0005829, GO:0006744, GO:0016020, GO:0042802, GO:0110142
Q4JAE8	GO:0000428, GO:0003677, GO:0003899, GO:0005737, GO:0006351, GO:0008270
Q50773	GO:0005886, GO:0006730, GO:0019386, GO:0030269, GO:0032259, GO:0034708
Q50774	GO:0005886, GO:0006730, GO:0019386, GO:0030269, GO:0032259, GO:0034708
Q51472	GO:0000976, GO:0001216, GO:0003677, GO:0005829, GO:0006310, GO:0006417, GO:0030527, GO:0032993, GO:0045893
Q54697	GO:0009539, GO:0015979, GO:0030096, GO:0031676
Q57696	GO:0004106, GO:0009697, GO:0042802, GO:0046417
Q59584	GO:0005886, GO:0006730, GO:0019386, GO:0030269, GO:0032259, GO:0034708
Q5F881	GO:0006355, GO:0042803, GO:0043565, GO:0044001
Q65DC4	GO:0005102, GO:0005576, GO:0009275, GO:0031640, GO:0050830
Q6NE58	GO:0110146
Q79FR5	GO:0004806, GO:0005576, GO:0008126, GO:0052572, GO:0071555
Q7AKN0	GO:0003677, GO:0005737, GO:0030435, GO:0035731, GO:0045454, GO:0045892, GO:0046872, GO:0047134, GO:0051539
Q7USA1	GO:0004731, GO:0004850, GO:0005829, GO:0009032, GO:0016154, GO:0047975
Q8ZC17	GO:0004731, GO:0004850, GO:0005829, GO:0009032, GO:0016154, GO:0047975
Q8ZRE7	GO:0004731, GO:0004850, GO:0005829, GO:0009032, GO:0016154, GO:0047975
Q93PP8	GO:0008199, GO:0009055, GO:0022900, GO:0043448
Q97ZX7	GO:0000428, GO:0003677, GO:0003899, GO:0005737, GO:0006351, GO:0008270
Q980Z8	GO:0000428, GO:0003677, GO:0003899, GO:0005737, GO:0006351, GO:0008270
Q9HKT2	GO:0005524, GO:0009249, GO:0016979, GO:0032991
Q9HTK8	GO:0005506, GO:0005737, GO:0009055, GO:0043448
Q9I317	GO:0005737, GO:0030254
Q9I322	GO:0005576, GO:0005737, GO:0030254, GO:0050709, GO:0051087, GO:0071277
Q9I3E3	GO:0004731, GO:0004850, GO:0005829, GO:0009032, GO:0016154, GO:0047975
Q9KKY0	GO:0004731, GO:0004850, GO:0005829, GO:0009032, GO:0016154, GO:0047975
Q9R4Y1	GO:0005886, GO:0030151, GO:0033719, GO:0043546, GO:0051539
Q9XDN3	GO:0031472, GO:0051144
A5A618	GO:0005886, GO:0016020, GO:0070069, GO:0071456
A5F1W7	GO:0000976, GO:0001216, GO:0006310, GO:0006417, GO:0030527, GO:0032993
A5HY47	GO:0005886, GO:0008289, GO:0015986, GO:0045263, GO:0046933
A5I4I8	GO:0003735, GO:0006412, GO:0019843, GO:0022627
A5I724	GO:0005524, GO:0005737, GO:0044183, GO:0046872, GO:0051082, GO:0051085, GO:0051087
A7MVH4	GO:0003677, GO:0005829, GO:0006310, GO:0006355, GO:0006417, GO:0030527, GO:1905087
A9WFC1	GO:0005886, GO:0030964, GO:0042773, GO:0048038, GO:0050136
A9WGS9	GO:0005886, GO:0008289, GO:0015986, GO:0045263, GO:0046933
B3A0L2	GO:0005576, GO:0031640, GO:0050829, GO:0050830, GO:0050832
B3A0L3	GO:0005576, GO:0031640, GO:0050829, GO:0050830, GO:0050832
B3A0N4	GO:0005576, GO:0031640, GO:0050830
B3EWC5	GO:0031640, GO:0050829, GO:0050830, GO:0050832
B3EWQ6	GO:0050829, GO:0050830
B5YHS7	GO:0005524, GO:0006412, GO:0006450, GO:0050566, GO:0050567, GO:0070681
B5YJN4	GO:0005524, GO:0005737, GO:0044183, GO:0046872, GO:0051082, GO:0051085, GO:0051087
B5YKI9	GO:0005886, GO:0030964, GO:0042773, GO:0048038, GO:0050136
B8DYT4	GO:0005886, GO:0008289, GO:0015986, GO:0045263, GO:0046933
B8GWS7	GO:0005886, GO:0006974, GO:0051301, GO:0051782
B8YB60	GO:0000428, GO:0001054, GO:0001055, GO:0001056, GO:0003677, GO:0005737
B8YB61	GO:0000428, GO:0003677, GO:0003899, GO:0005737, GO:0006351
B8YB62	GO:0000428, GO:0003677, GO:0003899, GO:0005737, GO:0006351, GO:0046983
C0HL60	GO:0005576, GO:0050830, GO:1900426
C0HLL7	GO:0004364
C0HLL8	GO:0004602
C0HLU4	GO:0031640, GO:0050829, GO:0050830, GO:0051673
C1P607	GO:0012501
C1P615	GO:0012501
C1P617	GO:0012501
D0VWU4	GO:0005886, GO:0006605, GO:0008320, GO:0009306, GO:0043952, GO:0065002
E6Z0R4	GO:0005524, GO:1900723
F9RBV9	GO:0005886, GO:0016020, GO:0042802
I3R7F2	GO:0004658
I6X486	GO:0005576, GO:0046982, GO:0070208
L7N6B4	GO:0000166, GO:0006777, GO:1990133
O06492	GO:0005524, GO:0006412, GO:0006450, GO:0050566, GO:0050567, GO:0070681
O07227	GO:0006355, GO:0045727, GO:0060701
O25860	GO:0005886, GO:0030964, GO:0042773, GO:0048038, GO:0050136
O31587	GO:0003735, GO:0005737, GO:0006412, GO:0015935, GO:0019843
O31706	GO:0000166, GO:0006777, GO:1990133
O32242	GO:0003677, GO:0003700, GO:0005737, GO:0006355
O34639	GO:0009055, GO:0016491, GO:0045454
O35031	GO:0003998
O50462	GO:0003677, GO:0045927, GO:0097351
O50515	GO:0005737, GO:0009401
O51683	GO:0005524, GO:0005829, GO:0016020, GO:0044183, GO:0046872, GO:0051082, GO:0051085, GO:0051087
O53692	GO:0005576, GO:0005829, GO:0097013
O54439	GO:0000035, GO:0000036, GO:0005829, GO:0009245, GO:0031177
O66505	GO:0005886, GO:0009306, GO:0015450, GO:0043952, GO:0065002
O66564	GO:0005886, GO:0008289, GO:0015986, GO:0045263, GO:0046933
O67339	GO:0005886, GO:0030964, GO:0042773, GO:0048038, GO:0050136
O67650	GO:0000027, GO:0003735, GO:0006412, GO:0022625, GO:0043022, GO:1902626
O67904	GO:0005524, GO:0006412, GO:0006450, GO:0050566, GO:0050567, GO:0070681
O69622	GO:0005576, GO:0005829, GO:0030430, GO:0033668
P00198	GO:0009055, GO:0046872, GO:0051539
P05657	GO:0003735, GO:0006412, GO:0022625
P0A0R6	GO:0005524, GO:0005737, GO:0044183, GO:0046872, GO:0051082, GO:0051085, GO:0051087
P0A126	GO:0000976, GO:0001216, GO:0001217, GO:0006310, GO:0006417, GO:0030527, GO:0032993
P0A1D5	GO:0005524, GO:0005737, GO:0044183, GO:0046872, GO:0051082, GO:0051085, GO:0051087
P0A1R6	GO:0003677, GO:0005829, GO:0030261, GO:0030527
P0A1R8	GO:0003677, GO:0005829, GO:0030261, GO:0030527
P0A1S0	GO:0003677, GO:0005829, GO:0006310, GO:0006355, GO:0006417, GO:0030527
P0A304	GO:0005886, GO:0008289, GO:0015986, GO:0045263, GO:0046933
P0A3K4	GO:0003743, GO:0005737, GO:0009986, GO:0019843, GO:0043022, GO:2001065
P0A6B1	GO:0000035, GO:0000036, GO:0005829, GO:0009245
P0A6G1	GO:0005524, GO:0005737, GO:0044183, GO:0046872, GO:0051082, GO:0051085, GO:0051087
P0A7P5	GO:0002181, GO:0003735, GO:0005737, GO:0022625
P0A7Q6	GO:0002181, GO:0003735, GO:0005737, GO:0006412, GO:0022625
P0A8C8	GO:0005886, GO:0032977, GO:0051205
P0A8P3	GO:0005506, GO:0005829, GO:0034599
P0A9N0	GO:0005737, GO:0009401, GO:0016772
P0AAP3	GO:0003677, GO:0005737, GO:0045892, GO:0046872
P0AAS7	GO:0003723, GO:0005829, GO:0006412
P0AAX6	GO:0009242, GO:0042597
P0AB33	GO:0090609, GO:1900190
P0ABM5	GO:0005886, GO:0017004, GO:0043190, GO:1903607, GO:1904334
P0ABW3	GO:0005737, GO:0006124, GO:0009055, GO:0030091, GO:0046872, GO:0051537
P0AC07	GO:0005886, GO:0006935, GO:0009288, GO:0030254, GO:0030257, GO:0044780, GO:0071973, GO:0120102
P0AC65	GO:0009055, GO:0045454
P0AC92	GO:0005829, GO:0042802, GO:0042803
P0ACX5	GO:0004333
P0ADB4	GO:0005886, GO:0009636, GO:0016020
P0ADB7	GO:0005886, GO:0009636, GO:0016020
P0AE56	GO:0046872, GO:0051537
P0AE60	GO:0003690, GO:0051301, GO:0051302
P0AEL3	GO:0005737, GO:0006826, GO:0006974, GO:0046914
P0AEM4	GO:0016989, GO:0044781, GO:0045861
P0AFM9	GO:0005886, GO:0006355, GO:0009271, GO:0080135
P0AFV8	GO:0005737, GO:0005886, GO:0009271
P0AGK4	GO:0000027, GO:0000028, GO:0000967, GO:0003723, GO:0005829, GO:1990275
P0C0N0	GO:0001968, GO:0004585, GO:0005737, GO:0006526
P0CL61	GO:0006355, GO:0045927, GO:0097351, GO:0098754
P0DKB3	GO:0005737, GO:0030026, GO:0071287
P0DOA7	GO:0005576, GO:0009274
P12874	GO:0003735, GO:0006412, GO:0019843, GO:0022627
P13479	GO:0015643, GO:0019904, GO:0030153, GO:0032991
P13920	GO:0006276, GO:0006355, GO:0032993, GO:0043565
P18393	GO:0005829, GO:0009239, GO:0019290
P19422	GO:0005524, GO:0005737, GO:0044183, GO:0046872, GO:0051082, GO:0051085, GO:0051087
P19466	GO:0003723, GO:0006353, GO:0045947, GO:0060566
P20458	GO:0003743, GO:0005829, GO:0019843, GO:0043022
P20804	GO:0000035, GO:0000036, GO:0005829, GO:0009245
P21468	GO:0003735, GO:0005737, GO:0005840, GO:0006412, GO:0070181, GO:1990904
P21473	GO:0003735, GO:0006412, GO:0019843, GO:0022627
P21474	GO:0003735, GO:0005737, GO:0006412, GO:0015935
P21475	GO:0003735, GO:0006412, GO:0022627, GO:0070181
P21476	GO:0000028, GO:0003735, GO:0006412, GO:0019843, GO:0022627
P21477	GO:0003735, GO:0005829, GO:0006412, GO:0015935, GO:0070181
P24244	GO:0005886, GO:0009279
P25013	GO:0004370, GO:0005524, GO:0006071, GO:0019563
P26477	GO:0005737, GO:0044781, GO:0045892, GO:0140678
P26649	GO:1900232, GO:1902201
P27182	GO:0008289, GO:0015986, GO:0031676, GO:0045263, GO:0046933
P28599	GO:0005524, GO:0005737, GO:0044183, GO:0046872, GO:0051082, GO:0051085, GO:0051087
P30720	GO:0005524, GO:0005737, GO:0044183, GO:0046872, GO:0051082, GO:0051085, GO:0051087
P32696	GO:0005886, GO:0009271
P33230	GO:0006259, GO:0046677
P35535	GO:0005886, GO:0009306, GO:0009425, GO:0044780, GO:0071978
P35874	GO:0005886, GO:0006605, GO:0008320, GO:0009306, GO:0043952, GO:0065002
P36995	GO:0003676, GO:0003697, GO:0003723, GO:0005829, GO:0009409, GO:0010468, GO:0098847
P37558	GO:0016020, GO:0030435, GO:0042601
P37815	GO:0005886, GO:0008289, GO:0015986, GO:0045263, GO:0046933
P38393	GO:0046677, GO:0051301, GO:0051782
P38579	GO:0001897, GO:0005576, GO:0042742
P38580	GO:0001897, GO:0005576, GO:0042742
P39430	GO:0000166, GO:0006772, GO:0009117, GO:0017111, GO:0046872, GO:0103023
P39431	GO:0000166, GO:0006772, GO:0009117, GO:0017111, GO:0046872, GO:0103023
P39603	GO:0005886, GO:0009847, GO:0043594
P40819	GO:0000976, GO:0001217, GO:0032993
P42453	GO:0005506, GO:0005737, GO:0009055, GO:0043448
P43721	GO:0005886, GO:0008289, GO:0015986, GO:0045263, GO:0046933
P43734	GO:0005524, GO:0005737, GO:0044183, GO:0046872, GO:0051082, GO:0051085, GO:0051087
P44389	GO:0003735, GO:0006412, GO:0019843, GO:0022627
P45242	GO:0005737, GO:0009055, GO:0015035, GO:0015038, GO:0034599, GO:0045454
P45309	GO:0000166, GO:0006777, GO:1990133
P45530	GO:0002143, GO:1990228
P47410	GO:0003735, GO:0005737, GO:0006412, GO:0008270, GO:0015935, GO:0019843
P50727	GO:0005506, GO:0009055, GO:0051539
P52102	GO:0002097, GO:0005737, GO:0046872, GO:0051539
P52119	GO:0005886
P54522	GO:0005829, GO:0006308, GO:0008855, GO:0009318
P56621	GO:0005886, GO:0140678
P58035	GO:0005737, GO:0008643, GO:0008982, GO:0009401, GO:0015795, GO:0016301, GO:1902495
P58091	GO:0006355, GO:0042803, GO:0051290
P58817	GO:0005524, GO:0006412, GO:0006450, GO:0050566, GO:0050567, GO:0070681
P61437	GO:0005524, GO:0005737, GO:0044183, GO:0046872, GO:0051082, GO:0051085, GO:0051087
P64394	GO:0003677, GO:0005694, GO:0005829, GO:0006310, GO:0006355, GO:0006417, GO:0030527
P64453	GO:0001896, GO:0005886
P64638	GO:0003677, GO:0005506, GO:0033212, GO:0051539
P68704	GO:0005886, GO:0008289, GO:0015986, GO:0045263, GO:0046933
P68706	GO:0005886, GO:0008289, GO:0015986, GO:0045263, GO:0046933
P69917	GO:0005829, GO:0006109, GO:0006402, GO:0045947, GO:0045948, GO:0048027
P72759	GO:0015977, GO:0015979, GO:0031470, GO:0043886
P74067	GO:0009523, GO:0010207, GO:0031676
P75687	GO:0042597, GO:1901530
P76078	GO:0005829, GO:0010124, GO:0062077
P77494	GO:0005886, GO:0022611
P80643	GO:0000035, GO:0000036, GO:0005829, GO:0009245
P81800	GO:0004035, GO:0030945, GO:0035335
P82996	GO:0004364, GO:0005737
P82997	GO:0004364, GO:0005737
P82999	GO:0004364, GO:0005737
P83000	GO:0004364, GO:0005737
P83001	GO:0004364, GO:0005737
P83077	GO:0004365, GO:0005737, GO:0006096, GO:0051287
P83146	GO:0008201, GO:0016829
P83147	GO:0008201, GO:0016829
P83222	GO:0000287, GO:0004519, GO:0005576, GO:0006308
P83675	GO:0005102, GO:0005576, GO:0006965, GO:0031640, GO:0050830
P83798	GO:0009512, GO:0015979, GO:0017004, GO:0031676, GO:0045158
P84142	GO:0003998, GO:0016787
P84812	GO:0016787, GO:0042178
P84886	GO:0005576, GO:0031640, GO:0050830
P84962	GO:0005576, GO:0031640, GO:0050830
P85876	GO:0005576, GO:0031640, GO:0050829, GO:0050830
P85974	GO:0005576, GO:0016052, GO:0033916
P86041	GO:0030247, GO:0050688
P86526	GO:0005576, GO:0050830, GO:0051838
P94425	GO:0003824, GO:0004497, GO:0009056, GO:0009636
P94542	GO:0000917, GO:0000921, GO:0005829, GO:0005886, GO:0030428, GO:0032153, GO:0043093
P9WF19	GO:0015643, GO:0045927, GO:0097351
P9WH57	GO:0003735, GO:0005737, GO:0006412, GO:0008270, GO:0015935, GO:0019843
P9WIJ7	GO:0006355, GO:0097351, GO:0098754
P9WIX3	GO:0005886, GO:0030964, GO:0042773, GO:0048038, GO:0050136
P9WJG7	GO:0005886, GO:0051701
P9WLM7	GO:0001666, GO:0045927, GO:0046872
P9WLU3	GO:0045727, GO:0075136, GO:0097351, GO:0098754
P9WMM9	GO:0000105, GO:0000287, GO:0004636, GO:0005524, GO:0005737, GO:0009274, GO:0075139
P9WN59	GO:0005524, GO:0006412, GO:0006450, GO:0009274, GO:0050566, GO:0050567, GO:0070681
P9WNI7	GO:0005576, GO:0005886, GO:0009274
P9WNJ5	GO:0005576, GO:0005886, GO:0009274
P9WNJ7	GO:0005576
P9WPS1	GO:0005886, GO:0008289, GO:0015986, GO:0045263, GO:0046933, GO:1902600
Q02054	GO:0000035, GO:0000036, GO:0005829, GO:0009245, GO:0017000
Q05595	GO:0006824, GO:0009236, GO:0015087, GO:0043190
Q06842	GO:0000027, GO:0003735, GO:0006412, GO:0019843, GO:0022625
Q09122	GO:0004564, GO:0005985, GO:0016052
Q0Z8B6	GO:0005576, GO:0031640, GO:0050830
Q2FW19	GO:0003735, GO:0006412, GO:0008270, GO:0015935, GO:0019843
Q2FWN3	GO:0005524, GO:0005737, GO:0044183, GO:0046872, GO:0051082, GO:0051085, GO:0051087
Q2FWY8	GO:0005524, GO:0006412, GO:0006450, GO:0050566, GO:0050567, GO:0070681
Q2FZ51	GO:0000035, GO:0000036, GO:0005829, GO:0009245
Q2FZK2	GO:0005886, GO:0009319, GO:0009486, GO:0015078, GO:0015990, GO:0016682, GO:0019646, GO:0042773
Q2G026	GO:0005886, GO:0009306, GO:0015450, GO:0043952, GO:0065002
Q2G2F6	GO:0005886, GO:0008289, GO:0015986, GO:0045263, GO:0046933
Q2W8J4	GO:0110146
Q2W8Q5	GO:0005886, GO:0110146
Q2W8Q9	GO:0046872, GO:0110146
Q47156	GO:0003677, GO:0006281, GO:0006355, GO:0006974, GO:0009432, GO:0040008, GO:0110001
Q4H4E3	GO:0016712, GO:0017000, GO:0051289
Q51473	GO:0003677, GO:0005694, GO:0005829, GO:0006310, GO:0006355, GO:0006417, GO:0030527
Q53878	GO:0031177, GO:1901771
Q57649	GO:0000428, GO:0003677, GO:0003899, GO:0005737, GO:0006351, GO:0008270
Q5JJC9	GO:0000428, GO:0003677, GO:0003899, GO:0005694, GO:0005737, GO:0006351, GO:0008270
Q5W265	GO:0017000
Q6MX43	GO:0005886, GO:0009274, GO:0046872
Q6NE51	GO:0003677, GO:0110143
Q6NE62	GO:0046872, GO:0110146
Q6NE75	GO:0110146
Q746Y5	GO:0005524, GO:0006412, GO:0006450, GO:0050566, GO:0050567, GO:0070681
Q747C8	GO:0005524, GO:0005737, GO:0044183, GO:0046872, GO:0051082, GO:0051085, GO:0051087
Q74G98	GO:0005886, GO:0030964, GO:0042773, GO:0048038, GO:0050136
Q74GB3	GO:0005886, GO:0008289, GO:0015986, GO:0045263, GO:0046933
Q7CG46	GO:0005829, GO:0016491, GO:0016861
Q7CJ87	GO:0005886, GO:0030964, GO:0042773, GO:0048038, GO:0050136
Q7CQ53	GO:0005886, GO:0030964, GO:0042773, GO:0048038, GO:0050136
Q7NCR9	GO:0005886, GO:0008289, GO:0015986, GO:0045263, GO:0046933
Q7NEG5	GO:0003735, GO:0005737, GO:0006412, GO:0008270, GO:0015935, GO:0019843
Q7NG91	GO:0005524, GO:0006412, GO:0006450, GO:0050566, GO:0050567, GO:0070681
Q7PC63	GO:0000035, GO:0000036, GO:0005829, GO:0009245, GO:0017000
Q7TTZ0	GO:0005524, GO:0005737, GO:0044183, GO:0046872, GO:0051082, GO:0051085, GO:0051087
Q814B1	GO:0005524, GO:0005737, GO:0044183, GO:0046872, GO:0051082, GO:0051085, GO:0051087
Q814V7	GO:0005886, GO:0008289, GO:0015986, GO:0045263, GO:0046933
Q89K28	GO:0005524, GO:0006412, GO:0006450, GO:0050566, GO:0050567, GO:0070681
Q89VT6	GO:0000035, GO:0000036, GO:0005829, GO:0009245
Q8A6P7	GO:0005524, GO:0005737, GO:0044183, GO:0046872, GO:0051082, GO:0051085, GO:0051087
Q8A9V0	GO:0005886, GO:0008289, GO:0015986, GO:0045263, GO:0046933
Q8CWN9	GO:0005524, GO:0005737, GO:0044183, GO:0046872, GO:0051082, GO:0051085, GO:0051087
Q8CX49	GO:0005524, GO:0005737, GO:0044183, GO:0046872, GO:0051082, GO:0051085, GO:0051087
Q8E8B5	GO:0005886, GO:0008289, GO:0015986, GO:0045263, GO:0046933
Q8F3A0	GO:0005524, GO:0006412, GO:0006450, GO:0050566, GO:0050567, GO:0070681
Q8R5X6	GO:0005524, GO:0005737, GO:0044183, GO:0046872, GO:0051082, GO:0051085, GO:0051087
Q8R678	GO:0005524, GO:0006412, GO:0006450, GO:0050566, GO:0050567, GO:0070681
Q8RGD7	GO:0005886, GO:0008289, GO:0015986, GO:0042802, GO:0045263, GO:0046933
Q8TT41	GO:0000428, GO:0003677, GO:0003899, GO:0005737, GO:0006351, GO:0008270
Q8ZIY4	GO:0005524, GO:0005737, GO:0044183, GO:0046872, GO:0051082, GO:0051085, GO:0051087
Q8ZKP9	GO:0005829, GO:0016491, GO:0016861
Q8ZYP9	GO:0000428, GO:0003677, GO:0003899, GO:0005737, GO:0006351, GO:0008270
Q97ZG0	GO:0005524, GO:0006412, GO:0006450, GO:0050566, GO:0050567, GO:0070681
Q97ZJ9	GO:0000428, GO:0003677, GO:0003899, GO:0005737, GO:0006360, GO:0006366, GO:0042797
Q97ZQ5	GO:0002181, GO:0003735, GO:0008270, GO:0019843, GO:0022627
Q980K0	GO:0000428, GO:0003677, GO:0003899, GO:0005737, GO:0006351, GO:0046983
Q980Q9	GO:0000428, GO:0003677, GO:0003899, GO:0005737, GO:0006351
Q9A9T8	GO:0051290
Q9AGE7	GO:0005524, GO:0005737, GO:0044183, GO:0046872, GO:0051082, GO:0051085, GO:0051087
Q9AL94	GO:0005506, GO:0009055, GO:0009636, GO:0016491, GO:0043448, GO:0072592
Q9HQJ1	GO:0000428, GO:0003677, GO:0003899, GO:0005737, GO:0006351, GO:0008270
Q9HR44	GO:0005524, GO:0006412, GO:0006450, GO:0050566, GO:0050567, GO:0070681
Q9HT15	GO:0005886, GO:0008289, GO:0015986, GO:0045263, GO:0046933
Q9HTK7	GO:0005506, GO:0005737, GO:0009055, GO:0043448
Q9HUM0	GO:0003723, GO:0005829, GO:0006355, GO:0006417, GO:0009372, GO:0043487, GO:0043609, GO:0045974
Q9HVM1	GO:0003735, GO:0005829, GO:0006412, GO:0015935, GO:0070181
Q9HVT9	GO:0005524, GO:0006412, GO:0006450, GO:0050566, GO:0050567, GO:0070681
Q9JXM4	GO:0005524, GO:0005737, GO:0044183, GO:0046872, GO:0051082, GO:0051085, GO:0051087
Q9JZ00	GO:0005524, GO:0006412, GO:0006450, GO:0050566, GO:0050567, GO:0070681
Q9KLC7	GO:0005524, GO:0005737, GO:0044183, GO:0046872, GO:0051082, GO:0051085, GO:0051087
Q9KNH0	GO:0005886, GO:0008289, GO:0015986, GO:0045263, GO:0046933
Q9KNR6	GO:0005524, GO:0005737, GO:0044183, GO:0046872, GO:0051082, GO:0051085, GO:0051087
Q9KQH8	GO:0000035, GO:0000036, GO:0005829, GO:0009245
Q9KV11	GO:0003723, GO:0005829, GO:0006355, GO:0043487, GO:0045974
Q9RSL0	GO:0003735, GO:0006412, GO:0019843, GO:0022625
Q9RSS4	GO:0000049, GO:0003735, GO:0006412, GO:0019843, GO:0022625
Q9RSW6	GO:0003735, GO:0006412, GO:0019843, GO:0022625
Q9RUV6	GO:0005524, GO:0006412, GO:0006450, GO:0050566, GO:0050567, GO:0070681
Q9RWR0	GO:0005524, GO:0005737, GO:0044183, GO:0046872, GO:0051082, GO:0051085, GO:0051087
Q9RXJ4	GO:0003735, GO:0006412, GO:0019843, GO:0022625
Q9RXK0	GO:0000027, GO:0003735, GO:0006412, GO:0019843, GO:0022625
Q9RXV7	GO:0003677, GO:0005829, GO:0043590
Q9RY64	GO:0003735, GO:0005737, GO:0005840, GO:0006412, GO:0019843, GO:1990904
Q9RY65	GO:0000049, GO:0003735, GO:0006412, GO:0019843, GO:0022625
Q9V1Z9	GO:0000408, GO:0002949, GO:0005737
Q9WY94	GO:0005524, GO:0006412, GO:0006450, GO:0050566, GO:0050567, GO:0070681
Q9WYX5	GO:0005524, GO:0005737, GO:0044183, GO:0046872, GO:0051082, GO:0051085, GO:0051087
Q9X1V0	GO:0005886, GO:0008289, GO:0015986, GO:0045263, GO:0046933
Q9X6J6	GO:0003723, GO:0006353, GO:0006355, GO:0042802
Q9XAR4	GO:0005886, GO:0030964, GO:0042773, GO:0048038, GO:0050136
Q9Z581	GO:0005524, GO:0006412, GO:0006450, GO:0050566, GO:0050567, GO:0070681
Q9ZAU0	GO:0031177, GO:1901771
A0A385XJ53	GO:0006313
A5A615	GO:0005886
A5A624	GO:0005886, GO:0006974, GO:0016020
A5I2R9	GO:0003723, GO:0005829, GO:0006355, GO:0043487, GO:0045974
A5I308	GO:0005829, GO:0006308, GO:0008855, GO:0009318
A5I5H1	GO:0005829, GO:0006109, GO:0006402, GO:0044781, GO:0045947, GO:0048027, GO:1902208
A5I648	GO:0003735, GO:0005829, GO:0006412, GO:0015935, GO:0070181
A5I667	GO:0003735, GO:0006412, GO:0022625
A5I676	GO:0000918, GO:0005886, GO:0032955
A5I6L6	GO:0003735, GO:0006412, GO:0022625
A5I6Z4	GO:0005524, GO:0006412, GO:0006450, GO:0050566, GO:0050567, GO:0070681
A5I7I2	GO:0003743, GO:0005829, GO:0019843, GO:0043022
A5I7I8	GO:0003735, GO:0006412, GO:0022625
A5I7J3	GO:0003735, GO:0005737, GO:0006412, GO:0008270, GO:0015935, GO:0019843
A5I7J8	GO:0003735, GO:0006412, GO:0022625
A5I7K2	GO:0000028, GO:0003735, GO:0006412, GO:0019843, GO:0022627
A5I7K4	GO:0000027, GO:0003735, GO:0006412, GO:0019843, GO:0022625
A5I7Z9	GO:0003735, GO:0006412, GO:0022627, GO:0070181
A5I801	GO:0003735, GO:0005737, GO:0005840, GO:0006412, GO:0070181, GO:1990904
A7MUP0	GO:0003677, GO:0005694, GO:0006310, GO:0006355, GO:0006417, GO:0030527, GO:1905087
A8DYP9	GO:0006417
A9A2Y8	GO:0003723, GO:0003735, GO:0006412, GO:0019843, GO:0022625, GO:0046872
A9WA95	GO:0005524, GO:0006412, GO:0006450, GO:0050566, GO:0050567, GO:0070681
A9WAI7	GO:0003998
A9WAN7	GO:0000918, GO:0005886, GO:0032955
A9WCD9	GO:0003735, GO:0006412, GO:0022627, GO:0070181
A9WE59	GO:0003735, GO:0006412, GO:0022625
A9WEA9	GO:0003677, GO:0005829, GO:0043590
A9WEJ6	GO:0003735, GO:0006412, GO:0019843, GO:0022627
A9WEK3	GO:0003735, GO:0005737, GO:0006412, GO:0015935
A9WGJ4	GO:0003735, GO:0006412, GO:0022625
A9WH70	GO:0000028, GO:0003735, GO:0006412, GO:0019843, GO:0022627
A9WH74	GO:0003735, GO:0006412, GO:0022625
A9WH79	GO:0003735, GO:0005737, GO:0006412, GO:0008270, GO:0015935, GO:0019843
A9WH84	GO:0003735, GO:0006412, GO:0022625
A9WH88	GO:0003743, GO:0005829, GO:0019843, GO:0043022
A9WHB7	GO:0003735, GO:0005829, GO:0006412, GO:0015935, GO:0070181
A9WI69	GO:0006729, GO:0008124
A9WKH6	GO:0000035, GO:0000036, GO:0005829, GO:0009245
B1L5N5	GO:0000028, GO:0003735, GO:0006412, GO:0022627, GO:0030490
B1L7A8	GO:0003735, GO:0006412, GO:0022625
B5YG34	GO:0003735, GO:0005737, GO:0006412, GO:0008270, GO:0015935, GO:0019843
B5YG38	GO:0003735, GO:0006412, GO:0019843, GO:0022627
B5YG39	GO:0003735, GO:0006412, GO:0022625
B5YG43	GO:0000028, GO:0003735, GO:0006412, GO:0019843, GO:0022627
B5YG45	GO:0000027, GO:0003735, GO:0006412, GO:0019843, GO:0022625
B5YHN1	GO:0003735, GO:0006412, GO:0019843, GO:0022627
B5YJ66	GO:0003735, GO:0006412, GO:0022625
B5YK94	GO:0003735, GO:0005737, GO:0006412, GO:0015935
B5YLD0	GO:0003735, GO:0006412, GO:0022625
B8E0B3	GO:0003735, GO:0006412, GO:0022625
B8E0E2	GO:0003735, GO:0006412, GO:0022625
B8E0J0	GO:0003735, GO:0006412, GO:0022627, GO:0070181
B8E0J2	GO:0003735, GO:0005737, GO:0005840, GO:0006412, GO:0070181, GO:1990904
B8E1D7	GO:0000028, GO:0003735, GO:0006412, GO:0019843, GO:0022627
B8E1E6	GO:0003735, GO:0005737, GO:0006412, GO:0008270, GO:0015935, GO:0019843
B8E2A8	GO:0003735, GO:0005829, GO:0006412, GO:0015935, GO:0070181
B8E2G7	GO:0003735, GO:0005737, GO:0006412, GO:0015935
B8E2S4	GO:0003735, GO:0006412, GO:0019843, GO:0022627
B8E2U4	GO:0005524, GO:0006412, GO:0006450, GO:0050566, GO:0050567, GO:0070681
C0H3Q8	GO:0003677, GO:0003700, GO:0006355
C0H3S9	GO:0003677, GO:0003700, GO:0006355
C0H412	GO:0071978
C0HLT6	GO:0031640, GO:0050829, GO:0050830, GO:0050832
C1P5Z7	GO:0004857, GO:0009401, GO:0046325
C1P5Z8	GO:0005886
C1P602	GO:0005886
C1P603	GO:0005886
C1P605	GO:0005886, GO:0008047
C1P609	GO:0005886
C1P610	GO:0005886, GO:0016020
C1P611	GO:0012501, GO:0016020
E2JKY7	GO:0031556, GO:0032026
G3MTW7	GO:0004857, GO:0005886
O07226	GO:0045926
O07823	GO:0009056, GO:0046872, GO:0051537
O25506	GO:0003677, GO:0005829, GO:0030261, GO:0030527
O25983	GO:0005829, GO:0006109, GO:0006402, GO:0044781, GO:0045947, GO:0048027, GO:1902208
O26981	GO:0015035
O31417	GO:0003677, GO:0003700, GO:0006355
O31796	GO:0003723, GO:0005829, GO:0006355, GO:0043487, GO:0045974
O32052	GO:0005886, GO:0015031
O32233	GO:0005886, GO:0009306, GO:0015450, GO:0043952, GO:0065002
O32292	GO:0005737, GO:0009401, GO:0016301
O32528	GO:0005886, GO:0009242
O34239	GO:0003735, GO:0005829, GO:0006412, GO:0015935, GO:0070181
O34464	GO:0003677, GO:0003700, GO:0006355
O34687	GO:0003735, GO:0006412, GO:0015934
O50456	GO:0045927
O52658	GO:0000035, GO:0000036, GO:0005829, GO:0009245, GO:0031177
O53778	GO:0006355, GO:0045927
O53811	GO:0006355, GO:0045927
O54310	GO:0003676, GO:0003677, GO:0005737, GO:0010468
O66462	GO:0006729, GO:0008124
O66476	GO:0003735, GO:0006412, GO:0022627, GO:0070181
O66488	GO:0003743, GO:0005829, GO:0019843, GO:0043022
O66512	GO:0003723, GO:0005829, GO:0006355, GO:0043487, GO:0045974
O66594	GO:0003735, GO:0006412, GO:0019843, GO:0022627
O66982	GO:0003735, GO:0006412, GO:0022625
O67187	GO:0003735, GO:0006412, GO:0015934
O67327	GO:0003676, GO:0003677, GO:0005737, GO:0010468
O67461	GO:0003677, GO:0005829, GO:0030261, GO:0030527
O67560	GO:0003735, GO:0005737, GO:0005840, GO:0006412, GO:0019843, GO:1990904
O67611	GO:0000035, GO:0000036, GO:0005829, GO:0009245, GO:0031177
O67643	GO:0003735, GO:0005829, GO:0006412, GO:0015935, GO:0070181
O68845	GO:0003735, GO:0006412, GO:0022625
O84088	GO:0003735, GO:0005840, GO:0006412, GO:1990904
O84152	GO:0003735, GO:0006412, GO:0022625
O84171	GO:0003700, GO:0005737, GO:0006355, GO:0043565, GO:0045892
O84239	GO:0000035, GO:0000036, GO:0005829, GO:0009245
O84339	GO:0003677, GO:0005829, GO:0043590
O84622	GO:0003735, GO:0005829, GO:0006412, GO:0015935, GO:0070181
O84808	GO:0003735, GO:0006412, GO:0022627, GO:0070181
O86655	GO:0003735, GO:0006412, GO:0019843, GO:0022627
O88059	GO:0003735, GO:0006412, GO:0022625
P00194	GO:0009055, GO:0046872, GO:0051539
P03051	GO:0042802
P03061	GO:0009099
P05384	GO:0003677, GO:0005829, GO:0030261, GO:0030527
P06965	GO:0003677, GO:0006355, GO:0051301
P08063	GO:0006457
P09557	GO:0051301, GO:0051302, GO:0051782
P0A0G2	GO:0003735, GO:0006412, GO:0022625
P0A0I4	GO:0005886, GO:0006605, GO:0008320, GO:0009306, GO:0043952, GO:0065002
P0A0T9	GO:0003677, GO:0005829, GO:0006310, GO:0006355, GO:0006417, GO:0030527
P0A0X7	GO:0003735, GO:0006412, GO:0022627, GO:0070181
P0A1D9	GO:0003676, GO:0003677, GO:0005829, GO:0010468
P0A1P8	GO:0005737, GO:0009055, GO:0009263, GO:0015035, GO:0015038, GO:0034599, GO:0045454
P0A1Z6	GO:0046872, GO:0051537
P0A2A5	GO:0003735, GO:0006412, GO:0022625
P0A2A7	GO:0003735, GO:0006412, GO:0022625
P0A2A9	GO:0003735, GO:0004519, GO:0005737, GO:0006412, GO:0015935
P0A2B1	GO:0003735, GO:0005829, GO:0006412, GO:0015935, GO:0070181
P0A2W1	GO:0000035, GO:0000036, GO:0005829, GO:0009245
P0A355	GO:0003676, GO:0003677, GO:0005737, GO:0010468, GO:0048255
P0A357	GO:0003676, GO:0003677, GO:0005737, GO:0010468, GO:0043488
P0A358	GO:0003677, GO:0005737, GO:0045893
P0A362	GO:0003676, GO:0003677, GO:0005829, GO:0010468
P0A3H5	GO:0003677, GO:0005829, GO:0009295, GO:0030261, GO:0030527
P0A484	GO:0003735, GO:0006412, GO:0022625
P0A491	GO:0003735, GO:0006412, GO:0022625
P0A4B4	GO:0003735, GO:0006412, GO:0019843, GO:0022627
P0A4B6	GO:0000028, GO:0003735, GO:0006412, GO:0019843, GO:0022627
P0A4G8	GO:0005886, GO:0006605, GO:0008320, GO:0009306, GO:0043952, GO:0065002
P0A6R6	GO:0003700, GO:0043565
P0A7P2	GO:0000049, GO:0003735, GO:0006412, GO:0022625
P0A7Q3	GO:0003735, GO:0006412, GO:0022625
P0A8J4	GO:0005829, GO:0034605
P0A976	GO:0003676, GO:0003677, GO:0005829, GO:0010468
P0A978	GO:0003676, GO:0003677, GO:0005829, GO:0009409, GO:0010468
P0A982	GO:0003676, GO:0003677, GO:0005829, GO:0010468
P0A986	GO:0003676, GO:0003677, GO:0005829, GO:0009409, GO:0010468
P0A9R2	GO:0044659, GO:0140911
P0A9Y2	GO:0003676, GO:0003677, GO:0005829, GO:0010468
P0A9Y9	GO:0003676, GO:0003677, GO:0005829, GO:0010468
P0AA31	GO:0006974
P0AAQ0	GO:0005886
P0AAU7	GO:0006355, GO:0006974
P0AAX3	GO:0006974, GO:0042597
P0AB14	GO:0005829
P0AB49	GO:0044011, GO:0070301, GO:0071276
P0AB55	GO:0005829
P0ABR1	GO:0006281, GO:0009432, GO:0019899
P0ACE5	GO:0003677, GO:1900191, GO:2000147
P0ACG6	GO:0005886, GO:0016020
P0ACX9	GO:0042803
P0ACY9	GO:0005829, GO:0006281, GO:0009432, GO:0010165
P0AD24	GO:0005829
P0AD83	GO:0006221, GO:0019856, GO:0031555
P0AD86	GO:0009088, GO:0031555, GO:0031556
P0AD92	GO:0000162, GO:0090357
P0ADA7	GO:0005886, GO:0006970, GO:0019867
P0ADE2	GO:0006979, GO:0015968, GO:0016036
P0ADF3	GO:0031555
P0ADJ3	GO:0090540
P0ADN6	GO:0005886, GO:0043165
P0AE42	GO:0005886, GO:0046677
P0AF45	GO:0044010, GO:0045226
P0AF82	GO:0042597, GO:0061133
P0AFW8	GO:0031554, GO:0031564
P0C948	GO:0005886, GO:0015385
P0CD87	GO:0003735, GO:0006412, GO:0022625
P0CE05	GO:0003735, GO:0006412, GO:0019843, GO:0022627
P0CF07	GO:0006313
P0CF08	GO:0006313
P0CF09	GO:0006313
P0CF10	GO:0006313
P0CF11	GO:0006313
P0CF12	GO:0006313
P0CF66	GO:0003677, GO:0004803, GO:0006313
P0CG95	GO:0005886, GO:0009274
P0CJ64	GO:0003723, GO:0004519, GO:0006401
P0CL00	GO:0000035, GO:0000036, GO:0005829, GO:0009245
P0CL01	GO:0003676, GO:0003677, GO:0005829, GO:0010468
P0DOA6	GO:0005576, GO:0009274
P0DPD0	GO:0005886
P0DQD7	GO:0005886, GO:0016020, GO:0034605
P11221	GO:0009279, GO:0019867
P11866	GO:0003677, GO:0045893
P12873	GO:0003735, GO:0006412, GO:0022625
P17797	GO:0009279, GO:0030255, GO:0043684
P19767	GO:0006313
P19947	GO:0003735, GO:0006412, GO:0022625
P21361	GO:0071978
P22665	GO:0003735, GO:0006412, GO:0022625
P26983	GO:0022627, GO:0043024, GO:0045900
P27394	GO:0005737, GO:0009399, GO:0046872, GO:0051539
P33997	GO:0003677, GO:0044010, GO:0045893
P36206	GO:0003677, GO:0005829, GO:0030261, GO:0030527
P37057	GO:0045893
P38382	GO:0005886, GO:0006605, GO:0008320, GO:0009306, GO:0031676, GO:0043952, GO:0065002
P38512	GO:0000027, GO:0003735, GO:0006412, GO:0019843, GO:0022625
P38514	GO:0003735, GO:0006412, GO:0022625
P38520	GO:0000028, GO:0003735, GO:0006412, GO:0019843, GO:0022627
P39158	GO:0003676, GO:0003677, GO:0005737, GO:0010468
P39809	GO:0016989, GO:0044781
P41039	GO:0008270, GO:1900378
P42924	GO:0000027, GO:0003735, GO:0006412, GO:0019843, GO:0022625
P43709	GO:0000035, GO:0000036, GO:0005829, GO:0009245
P43722	GO:0003677, GO:0005829, GO:0030261, GO:0030527
P43723	GO:0003677, GO:0005829, GO:0006310, GO:0006355, GO:0006417, GO:0030527
P43724	GO:0003677, GO:0005694, GO:0005829, GO:0006310, GO:0006355, GO:0006417, GO:0030527
P43914	GO:0005829, GO:0006308, GO:0008855, GO:0009318
P44025	GO:0005737, GO:0006105
P44035	GO:0005886, GO:0030428, GO:0032153, GO:0043093
P44048	GO:0005506, GO:0005829, GO:0034599
P44062	GO:0000917, GO:0000921, GO:0005829, GO:0030428, GO:0032153, GO:0043093
P44322	GO:0003743, GO:0005829, GO:0019843, GO:0043022
P44361	GO:0000027, GO:0003735, GO:0006412, GO:0019843, GO:0022625
P44363	GO:0003735, GO:0006412, GO:0022625
P44364	GO:0003735, GO:0006412, GO:0022625
P44365	GO:0003735, GO:0006412, GO:0022625
P44366	GO:0003735, GO:0006412, GO:0022625
P44369	GO:0003735, GO:0006412, GO:0022625
P44382	GO:0003735, GO:0005737, GO:0006412, GO:0015935
P44383	GO:0003735, GO:0006412, GO:0019843, GO:0022627
P44437	GO:0003723, GO:0005829, GO:0006355, GO:0043487, GO:0045974
P44592	GO:0005886, GO:0015031
P44651	GO:0005048, GO:0005737, GO:0051224
P44668	GO:0005829, GO:0008198, GO:0016226
P44746	GO:0005737, GO:0046872, GO:0051539
P44879	GO:0005829, GO:0006109, GO:0006402, GO:0045947, GO:0045948, GO:0048027
P44959	GO:0003735, GO:0005829, GO:0006412, GO:0015935, GO:0070181
P44966	GO:0003700, GO:0043565
P45035	GO:0005886, GO:0015886, GO:0017004, GO:1903607
P45281	GO:0003735, GO:0006412, GO:0008097, GO:0022625
P45472	GO:0004520, GO:0006974, GO:0008296
P46119	GO:0016020, GO:1901422, GO:1901562
P46449	GO:0003676, GO:0003677, GO:0005829, GO:0006355, GO:0010468
P46789	GO:0003735, GO:0006412, GO:0022625
P47401	GO:0000028, GO:0003735, GO:0006412, GO:0019843, GO:0022627
P47406	GO:0003735, GO:0006412, GO:0019843, GO:0022627
P47419	GO:0003743, GO:0005829, GO:0019843, GO:0043022
P47529	GO:0000035, GO:0000036, GO:0005829, GO:0009245
P47663	GO:0003735, GO:0006412, GO:0019843, GO:0022627
P47684	GO:0003735, GO:0005737, GO:0006412, GO:0015935
P48859	GO:0003676, GO:0003677, GO:0005737, GO:0010468
P48944	GO:0003735, GO:0005737, GO:0006412, GO:0015935, GO:0019843
P48946	GO:0003735, GO:0006412, GO:0022627, GO:0070181
P48959	GO:0003735, GO:0006412, GO:0022625
P51777	GO:0003676, GO:0003677, GO:0005737, GO:0010468
P54009	GO:0002181, GO:0003735, GO:0022625
P54011	GO:0003723, GO:0003735, GO:0006412, GO:0008270, GO:0019843, GO:0022625
P54013	GO:0003735, GO:0006412, GO:0022625
P54016	GO:0000027, GO:0003735, GO:0006412, GO:0019843, GO:0022625
P54027	GO:0003735, GO:0006412, GO:0008270, GO:0022625, GO:0070180
P54028	GO:0000028, GO:0003723, GO:0003735, GO:0006412, GO:0008270, GO:0022627
P54035	GO:0003735, GO:0006412, GO:0022625
P54054	GO:0003723, GO:0003735, GO:0006412, GO:0022625, GO:0042273
P54056	GO:0003735, GO:0006412, GO:0022625
P54065	GO:0000028, GO:0003735, GO:0006412, GO:0022627, GO:0030490
P54110	GO:0002181, GO:0003735, GO:0008270, GO:0019843, GO:0022627
P55874	GO:0003735, GO:0006412, GO:0022625
P56021	GO:0003735, GO:0005737, GO:0006412, GO:0008270, GO:0015935, GO:0019843
P56022	GO:0003735, GO:0006412, GO:0019843, GO:0022627
P56023	GO:0003735, GO:0005737, GO:0006412, GO:0015935
P56026	GO:0000028, GO:0003735, GO:0006412, GO:0019843, GO:0022627
P56027	GO:0003735, GO:0005829, GO:0006412, GO:0015935, GO:0070181
P56050	GO:0003735, GO:0006412, GO:0022625
P56052	GO:0003735, GO:0006412, GO:0022625
P56464	GO:0000035, GO:0000036, GO:0005829, GO:0009245, GO:0031177
P56613	GO:0003735, GO:0006412, GO:0022625
P56614	GO:0043709
P56866	GO:0003743, GO:0005829, GO:0019843, GO:0043022
P57710	GO:0000028, GO:0003735, GO:0006412, GO:0022627, GO:0030490
P57902	GO:0003700, GO:0043565, GO:0045893
P58001	GO:0005829, GO:0006308, GO:0008855, GO:0009318
P58084	GO:0003735, GO:0006412, GO:0022625
P58152	GO:0032955, GO:0042802, GO:0051301
P59661	GO:0005524, GO:0006412, GO:0006450, GO:0050566, GO:0050567, GO:0070681
P60515	GO:0003743, GO:0005829, GO:0019843, GO:0043022
P61688	GO:0003743, GO:0005829, GO:0019843, GO:0043022
P61931	GO:0000028, GO:0003723, GO:0003735, GO:0006412, GO:0008270, GO:0022627
P61996	GO:0140737
P62164	GO:0009847, GO:0030435, GO:0030436
P62171	GO:0003676, GO:0003677, GO:0005737, GO:0010468
P62186	GO:0009847, GO:0030435, GO:0030436
P62230	GO:0003735, GO:0005737, GO:0006412, GO:0015935
P62522	GO:0008652, GO:0009082, GO:0031555
P63439	GO:0000035, GO:0000036, GO:0005829, GO:0009245
P63442	GO:0000035, GO:0000036, GO:0005829, GO:0009245
P63447	GO:0000035, GO:0000036, GO:0005829, GO:0009245
P63876	GO:0005829, GO:0006109, GO:0006402, GO:0045947, GO:0045948, GO:0048027
P64127	GO:0003700, GO:0043565
P64161	GO:0005886, GO:0030428, GO:0032153, GO:0043093
P64345	GO:0003723, GO:0005829, GO:0006355, GO:0043487, GO:0045974
P64386	GO:0003677, GO:0005829, GO:0030261, GO:0030527
P64389	GO:0003677, GO:0005829, GO:0030261, GO:0030527
P64393	GO:0003677, GO:0005829, GO:0006310, GO:0006355, GO:0006417, GO:0030527
P64442	GO:0010447, GO:0044010
P64455	GO:0005829
P64508	GO:0034605, GO:0036460, GO:0097533
P64519	GO:0044011, GO:0070301, GO:0071468
P64530	GO:0003677, GO:0005737, GO:0045892, GO:0046872
P64545	GO:0005886, GO:0097501, GO:1990532
P64567	GO:0005737, GO:0010447
P64614	GO:0042597, GO:0044011, GO:0070301, GO:0071468
P65106	GO:0003743, GO:0005829, GO:0019843, GO:0043022
P65108	GO:0003743, GO:0005829, GO:0019843, GO:0043022
P65110	GO:0003743, GO:0005829, GO:0019843, GO:0043022
P65113	GO:0003743, GO:0005829, GO:0019843, GO:0043022
P65115	GO:0003743, GO:0005829, GO:0019843, GO:0043022
P65116	GO:0003743, GO:0005829, GO:0019843, GO:0043022
P65122	GO:0003743, GO:0005829, GO:0019843, GO:0043022
P65128	GO:0003743, GO:0005829, GO:0019843, GO:0043022
P65363	GO:0000918, GO:0005886, GO:0032955
P66123	GO:0003735, GO:0006412, GO:0022625
P66125	GO:0003735, GO:0006412, GO:0022625
P66130	GO:0003735, GO:0006412, GO:0022625
P66131	GO:0003735, GO:0006412, GO:0022625
P66136	GO:0003735, GO:0006412, GO:0022625
P66151	GO:0003735, GO:0006412, GO:0022625
P66161	GO:0003735, GO:0006412, GO:0022625
P66166	GO:0003735, GO:0006412, GO:0022625
P66169	GO:0003735, GO:0006412, GO:0022625
P66170	GO:0003735, GO:0006412, GO:0022625
P66226	GO:0003735, GO:0006412, GO:0022625
P66239	GO:0003735, GO:0006412, GO:0022625
P66267	GO:0003735, GO:0006412, GO:0022625
P66269	GO:0003735, GO:0006412, GO:0022625
P66274	GO:0003735, GO:0006412, GO:0022625
P66279	GO:0003735, GO:0006412, GO:0022625
P66283	GO:0003735, GO:0006412, GO:0022625
P66401	GO:0003735, GO:0006412, GO:0008270, GO:0015935, GO:0019843
P66417	GO:0003735, GO:0005737, GO:0006412, GO:0008270, GO:0015935, GO:0019843
P66420	GO:0003735, GO:0005737, GO:0006412, GO:0015935, GO:0019843
P66427	GO:0003735, GO:0006412, GO:0019843, GO:0022627
P66431	GO:0003735, GO:0006412, GO:0019843, GO:0022627
P66438	GO:0003735, GO:0005737, GO:0006412, GO:0015935
P66445	GO:0003735, GO:0005737, GO:0006412, GO:0015935
P66449	GO:0003735, GO:0006412, GO:0019843, GO:0022627
P66451	GO:0003735, GO:0006412, GO:0019843, GO:0022627
P66457	GO:0003735, GO:0006412, GO:0022627, GO:0070181
P66459	GO:0003735, GO:0006412, GO:0022627, GO:0070181
P66461	GO:0003735, GO:0006412, GO:0022627, GO:0070181
P66470	GO:0003735, GO:0006412, GO:0022627, GO:0070181
P66473	GO:0003735, GO:0006412, GO:0022627, GO:0070181
P66480	GO:0000028, GO:0003735, GO:0006412, GO:0019843, GO:0022627
P66484	GO:0000028, GO:0003735, GO:0006412, GO:0019843, GO:0022627
P66487	GO:0000028, GO:0003735, GO:0006412, GO:0019843, GO:0022627
P66491	GO:0000028, GO:0003735, GO:0006412, GO:0019843, GO:0022627
P66503	GO:0003735, GO:0005829, GO:0006412, GO:0015935, GO:0070181
P66508	GO:0003735, GO:0005829, GO:0006412, GO:0015935, GO:0070181
P66603	GO:0003735, GO:0005737, GO:0005840, GO:0006412, GO:0070181, GO:1990904
P67267	GO:0003677, GO:0005829, GO:0043590
P67383	GO:0005829, GO:0006351
P67458	GO:0005829, GO:0006308, GO:0008855, GO:0009318
P67466	GO:0005829, GO:0006308, GO:0008855, GO:0009318
P67616	GO:0005506, GO:0005829, GO:0034599
P67617	GO:0005506, GO:0005829, GO:0034599
P67699	GO:0003677, GO:0006355
P67899	GO:0000028, GO:0003735, GO:0006412, GO:0019843, GO:0022627
P67917	GO:0003735, GO:0006412, GO:0022625
P68206	GO:0005829, GO:0060187
P68573	GO:0003677, GO:0005829, GO:0030261, GO:0030527
P69226	GO:0003743, GO:0005829, GO:0019843, GO:0043022
P69957	GO:0010629
P69963	GO:0000027, GO:0003735, GO:0006412, GO:0019843, GO:0022625
P71622	GO:0045727
P72851	GO:0003735, GO:0005840, GO:0006412, GO:1990904
P72866	GO:0003735, GO:0006412, GO:0019843, GO:0022627
P73301	GO:0003743, GO:0005829, GO:0019843, GO:0043022
P73311	GO:0003735, GO:0006412, GO:0019843, GO:0022627
P73312	GO:0003735, GO:0006412, GO:0022625
P73316	GO:0000028, GO:0003735, GO:0006412, GO:0019843, GO:0022627
P73336	GO:0003735, GO:0005829, GO:0006412, GO:0015935, GO:0070181
P73418	GO:0003677, GO:0005829, GO:0030261, GO:0030527
P73492	GO:0005737, GO:0015038, GO:0034599, GO:0045454
P73790	GO:0006729, GO:0008124
P74095	GO:0005506, GO:0051604, GO:1902670
P74267	GO:0003735, GO:0006412, GO:0022625
P74410	GO:0003735, GO:0005737, GO:0006412, GO:0015935
P75694	GO:0009314, GO:0042597
P75991	GO:0045892, GO:0071468
P75992	GO:1900191
P76057	GO:0032359, GO:1990837
P76127	GO:1902210
P76509	GO:0003677, GO:0009007, GO:0009307, GO:0016032, GO:0032259
P77091	GO:0005886, GO:0006974
P77295	GO:0003677, GO:0003700, GO:0006355
P77330	GO:0005886, GO:0071286
P77695	GO:0005829, GO:0006636
P80459	GO:0004471, GO:0006099, GO:0030060
P81786	GO:0004029, GO:0006066, GO:0008106, GO:0008270, GO:0043878
P83707	GO:0004784, GO:0019430, GO:0030145
P84799	GO:0005737, GO:0019773
P85110	GO:0005576, GO:0030115, GO:0031160
P85122	GO:0005576, GO:0030115, GO:0031160
P95006	GO:0006355, GO:0045927
P95459	GO:0003676, GO:0003677, GO:0005829, GO:0010468
P9WF17	GO:0045927, GO:0097351
P9WF23	GO:0045927, GO:0097351
P9WF29	GO:0005829, GO:0006308, GO:0008855, GO:0009318
P9WGN5	GO:0005886, GO:0009306, GO:0015450
P9WH31	GO:0003735, GO:0005737, GO:0005840, GO:0005886, GO:0006412, GO:0009274, GO:0070181, GO:1990904
P9WH41	GO:0003735, GO:0005829, GO:0006412, GO:0015935, GO:0070181
P9WH45	GO:0000028, GO:0003735, GO:0005886, GO:0006412, GO:0019843, GO:0022627
P9WH47	GO:0003735, GO:0005886, GO:0006412, GO:0009274, GO:0022627, GO:0070181
P9WH49	GO:0003735, GO:0006412, GO:0022627, GO:0070181
P9WH55	GO:0003735, GO:0005886, GO:0006412, GO:0019843, GO:0022627
P9WH91	GO:0003735, GO:0006412, GO:0022625
P9WH97	GO:0003735, GO:0006412, GO:0022625
P9WHA3	GO:0003735, GO:0006412, GO:0022625
P9WHA7	GO:0003735, GO:0006412, GO:0022625
P9WHA9	GO:0003735, GO:0005840, GO:0006412, GO:1990904
P9WHB1	GO:0003735, GO:0005840, GO:0006412, GO:1990904
P9WHB3	GO:0003735, GO:0005886, GO:0006412, GO:0009274, GO:0022625
P9WHB9	GO:0000027, GO:0003735, GO:0005829, GO:0005886, GO:0006412, GO:0019843, GO:0022625
P9WHG7	GO:0044003
P9WI93	GO:0006729, GO:0008124
P9WJ07	GO:0045927
P9WJ09	GO:0006355, GO:0045927
P9WJ11	GO:0045927
P9WJ21	GO:0006355, GO:0045927
P9WJ23	GO:0045927
P9WJ33	GO:0005576, GO:0045927
P9WJ35	GO:0045927
P9WJ39	GO:0045927
P9WJ43	GO:0045927
P9WJ45	GO:0003677, GO:0006355, GO:0097351, GO:0098754
P9WJ59	GO:0045926, GO:0075136
P9WJ75	GO:0097351, GO:0098754
P9WJ85	GO:0003677, GO:0045927, GO:0098754
P9WKK3	GO:0003743, GO:0005829, GO:0005886, GO:0009274, GO:0019843, GO:0043022
P9WL41	GO:0005886, GO:0006355, GO:0045927
P9WLS3	GO:0005829, GO:0005886, GO:0052572
P9WLZ1	GO:0005886, GO:0006355
P9WM83	GO:0001666, GO:0005829, GO:0009274
P9WN17	GO:0009055, GO:0016491, GO:0045454
P9WNI9	GO:0005576, GO:0032991
P9WNJ3	GO:0005576, GO:0005886
P9WNJ9	GO:0005576, GO:0005886, GO:0009274
P9WP75	GO:0003676, GO:0003677, GO:0005737, GO:0009274, GO:0010468
Q06579	GO:0015643, GO:0030153
Q06799	GO:0005886, GO:0006605, GO:0008320, GO:0009306, GO:0043952, GO:0065002
Q2EEQ2	GO:0003735, GO:0006412, GO:0022626, GO:1990904
Q2FW08	GO:0000027, GO:0003735, GO:0006412, GO:0019843, GO:0022625
Q2FW10	GO:0000028, GO:0003735, GO:0006412, GO:0019843, GO:0022627
Q2FW14	GO:0003735, GO:0006412, GO:0022625
Q2FW15	GO:0003735, GO:0006412, GO:0019843, GO:0022627
Q2FW28	GO:0003743, GO:0005829, GO:0019843, GO:0043022
Q2FXQ0	GO:0003735, GO:0006412, GO:0022625
Q2FXY6	GO:0003735, GO:0005829, GO:0006412, GO:0015935, GO:0070181
Q2FY47	GO:0005829, GO:0006308, GO:0008855, GO:0009318
Q2FYN2	GO:0003676, GO:0005737, GO:0010468
Q2FYU5	GO:0003735, GO:0005737, GO:0006412, GO:0015935, GO:0019843
Q2FZ45	GO:0003735, GO:0005737, GO:0006412, GO:0015935
Q2FZF1	GO:0003735, GO:0006412, GO:0015934
Q2G111	GO:0003735, GO:0006412, GO:0022627, GO:0070181
Q2G113	GO:0003735, GO:0005737, GO:0005840, GO:0006412, GO:0070181, GO:1990904
Q2G2H6	GO:0005886, GO:0015385
Q2G2Q1	GO:0003735, GO:0006412, GO:0019843, GO:0022627
Q2W8L5	GO:0110143
Q32GM0	GO:0005576, GO:0019836, GO:0044177, GO:0090729
Q46905	GO:0005506, GO:0009294, GO:0051536
Q55899	GO:0000918, GO:0005886, GO:0032955
Q56108	GO:0009055, GO:0045454
Q57665	GO:0003690, GO:0003723, GO:0005694, GO:0005737, GO:0030261
Q57671	GO:0005524, GO:0016020, GO:0042777, GO:0046933, GO:0046961
Q58001	GO:0015035
Q58145	GO:0005506, GO:0009055, GO:0043448
Q58150	GO:0005506, GO:0009055, GO:0043448
Q58521	GO:0004540, GO:0046872
Q58Y44	GO:0005737, GO:0034010
Q5E7H1	GO:0003690
Q5JDG7	GO:0003998
Q5JDH1	GO:0000027, GO:0003735, GO:0006412, GO:0019843, GO:0022625
Q5JE50	GO:0000028, GO:0003723, GO:0003735, GO:0006412, GO:0008270, GO:0022627
Q5JF39	GO:0003690, GO:0003723, GO:0005694, GO:0005737
Q5JGR4	GO:0000028, GO:0003735, GO:0006412, GO:0022627, GO:0030490
Q5JGT5	GO:0002181, GO:0003735, GO:0022625
Q5JGT6	GO:0003735, GO:0006412, GO:0022625
Q5JI51	GO:0003735, GO:0006412, GO:0022625
Q5JIE0	GO:0000398, GO:0003723, GO:0120114, GO:1990904
Q5JIE1	GO:0003723, GO:0003735, GO:0006412, GO:0008270, GO:0019843, GO:0022625
Q5JJE4	GO:0003723, GO:0003735, GO:0006412, GO:0022625, GO:0042273
Q5JJG2	GO:0002181, GO:0003735, GO:0008270, GO:0019843, GO:0022627
Q6MX18	GO:0005576, GO:0032991
Q6MX40	GO:0003677, GO:0004521, GO:0006402, GO:0016075
Q747N0	GO:0003735, GO:0006412, GO:0022625
Q748G1	GO:0005829, GO:0006109, GO:0006402, GO:0044781, GO:0045947, GO:0048027, GO:1902208
Q748Z1	GO:0000027, GO:0003735, GO:0006412, GO:0019843, GO:0022625
Q748Z2	GO:0000028, GO:0003735, GO:0006412, GO:0019843, GO:0022627
Q748Z6	GO:0003735, GO:0006412, GO:0022625
Q748Z7	GO:0003735, GO:0006412, GO:0019843, GO:0022627
Q749A0	GO:0003735, GO:0005737, GO:0006412, GO:0008270, GO:0015935, GO:0019843
Q749A5	GO:0003735, GO:0006412, GO:0022625
Q74AZ3	GO:0003735, GO:0005829, GO:0006412, GO:0015935, GO:0070181
Q74CA8	GO:0005829, GO:0006308, GO:0008855, GO:0009318
Q74CR8	GO:0000035, GO:0000036, GO:0005829, GO:0009245
Q74CS3	GO:0003735, GO:0006412, GO:0015934
Q74CT0	GO:0003735, GO:0006412, GO:0019843, GO:0022627
Q74D02	GO:0003735, GO:0006412, GO:0022625
Q74ES0	GO:0003998
Q7CFT2	GO:0003735, GO:0006412, GO:0022625
Q7CPL3	GO:0000027, GO:0003735, GO:0006412, GO:0019843, GO:0022625
Q7CPV1	GO:0005737, GO:0006105
Q7CQ71	GO:0003735, GO:0006412, GO:0008097, GO:0022625
Q7CQS9	GO:0003998
Q7DDM4	GO:0003735, GO:0006412, GO:0019843, GO:0022627
Q7DDS9	GO:0003735, GO:0006412, GO:0022625
Q7DDT3	GO:0003735, GO:0006412, GO:0019843, GO:0022627
Q7NCC0	GO:0003735, GO:0006412, GO:0022627, GO:0070181
Q7NE54	GO:0003735, GO:0006412, GO:0019843, GO:0022627
Q7NE87	GO:0003998
Q7NEG0	GO:0003735, GO:0006412, GO:0022625
Q7NEG1	GO:0003735, GO:0006412, GO:0019843, GO:0022627
Q7NEP1	GO:0003735, GO:0005840, GO:0006412, GO:1990904
Q7NGV2	GO:0003735, GO:0006412, GO:0022625
Q7NH99	GO:0003735, GO:0005737, GO:0006412, GO:0015935
Q7NJ38	GO:0000918, GO:0005886, GO:0032955
Q7NK35	GO:0006729, GO:0008124
Q7NM64	GO:0000028, GO:0003735, GO:0006412, GO:0019843, GO:0022627
Q7NMA7	GO:0005886, GO:0009523, GO:0009539, GO:0015979
Q7NME2	GO:0003735, GO:0006412, GO:0022625
Q7NNH7	GO:0003735, GO:0005737, GO:0005840, GO:0006412, GO:0070181, GO:1990904
Q7NNJ8	GO:0003743, GO:0005829, GO:0019843, GO:0043022
Q7NPG8	GO:0000027, GO:0003735, GO:0006412, GO:0019843, GO:0022625
Q7UEY5	GO:0003743, GO:0005829, GO:0019843, GO:0043022
Q7UFN3	GO:0003735, GO:0006412, GO:0022627, GO:0070181
Q7UG38	GO:0005829, GO:0006109, GO:0006402, GO:0044781, GO:0045947, GO:0048027, GO:1902208
Q7UN07	GO:0003735, GO:0005737, GO:0006412, GO:0008270, GO:0015935, GO:0019843
Q7UN12	GO:0003735, GO:0006412, GO:0022625
Q7UN16	GO:0000028, GO:0003735, GO:0006412, GO:0019843, GO:0022627
Q7UP72	GO:0003735, GO:0006412, GO:0022625
Q7UPC9	GO:0003735, GO:0005829, GO:0006412, GO:0015935, GO:0070181
Q7UPR5	GO:0003735, GO:0006412, GO:0022625
Q7UR97	GO:0003735, GO:0006412, GO:0019843, GO:0022627
Q7UYY2	GO:0000035, GO:0000036, GO:0005829, GO:0009245
Q814C3	GO:0003743, GO:0005829, GO:0019843, GO:0043022
Q814G5	GO:0003735, GO:0005737, GO:0005840, GO:0006412, GO:0070181, GO:1990904
Q814G7	GO:0003735, GO:0006412, GO:0022627, GO:0070181
Q816H3	GO:0003676, GO:0003677, GO:0005737, GO:0010468
Q817H6	GO:0003735, GO:0006412, GO:0022625
Q817J1	GO:0000917, GO:0000921, GO:0005829, GO:0005886, GO:0030428, GO:0032153, GO:0043093
Q817U4	GO:0003735, GO:0006412, GO:0022625
Q818E1	GO:0003735, GO:0005829, GO:0006412, GO:0015935, GO:0070181
Q818R7	GO:0005829, GO:0006308, GO:0008855, GO:0009318
Q819V7	GO:0000035, GO:0000036, GO:0005829, GO:0009245
Q819W3	GO:0003735, GO:0005737, GO:0006412, GO:0015935
Q819Z0	GO:0003735, GO:0006412, GO:0019843, GO:0022627
Q81A74	GO:0003723, GO:0005829, GO:0006355, GO:0043487, GO:0045974
Q81DK5	GO:0003676, GO:0003677, GO:0005737, GO:0010468
Q81GQ6	GO:0003676, GO:0003677, GO:0005737, GO:0010468
Q81IN4	GO:0005524, GO:0006412, GO:0006450, GO:0050566, GO:0050567, GO:0070681
Q81J24	GO:0003735, GO:0006412, GO:0022625
Q81J29	GO:0003735, GO:0006412, GO:0008270, GO:0015935, GO:0019843
Q81J33	GO:0003735, GO:0006412, GO:0019843, GO:0022627
Q81J34	GO:0003735, GO:0006412, GO:0022625
Q81J38	GO:0000028, GO:0003735, GO:0006412, GO:0019843, GO:0022627
Q81J40	GO:0000027, GO:0003735, GO:0006412, GO:0019843, GO:0022625
Q83AB0	GO:0003998
Q83B45	GO:0005886, GO:0030428, GO:0032153, GO:0043093
Q83C12	GO:0003735, GO:0006412, GO:0022625
Q83CD1	GO:0003743, GO:0005829, GO:0019843, GO:0043022
Q83CQ8	GO:0005829, GO:0006109, GO:0006402, GO:0045947, GO:0045948, GO:0048027
Q83D06	GO:0005506, GO:0005829, GO:0034599
Q83D70	GO:0005737, GO:0006105
Q83D75	GO:0003735, GO:0006412, GO:0022627, GO:0070181
Q83D88	GO:0003735, GO:0006412, GO:0019843, GO:0022627
Q83E63	GO:0005829, GO:0006308, GO:0008855, GO:0009318
Q83ED6	GO:0003735, GO:0005829, GO:0006412, GO:0015935, GO:0070181
Q83ED9	GO:0003735, GO:0006412, GO:0022625
Q83EM4	GO:0003735, GO:0006412, GO:0022625
Q83EQ8	GO:0003735, GO:0006412, GO:0022625
Q83ER7	GO:0003735, GO:0006412, GO:0019843, GO:0022627
Q83ER8	GO:0003735, GO:0006412, GO:0022625
Q83ES0	GO:0000028, GO:0003735, GO:0006412, GO:0019843, GO:0022627
Q83ES2	GO:0000027, GO:0003735, GO:0006412, GO:0019843, GO:0022625
Q83FB6	GO:0005829, GO:0006109, GO:0006402, GO:0045947, GO:0045948, GO:0048027
Q89GR1	GO:0000035, GO:0000036, GO:0005829, GO:0009245
Q89J86	GO:0000027, GO:0003735, GO:0006412, GO:0019843, GO:0022625
Q89J88	GO:0000028, GO:0003735, GO:0006412, GO:0019843, GO:0022627
Q89J92	GO:0003735, GO:0006412, GO:0022625
Q89J93	GO:0003735, GO:0006412, GO:0019843, GO:0022627
Q89JA2	GO:0003735, GO:0006412, GO:0022625
Q89K02	GO:0003735, GO:0006412, GO:0022625
Q89LQ2	GO:0003723, GO:0005829, GO:0006355, GO:0043487, GO:0045974
Q89MI0	GO:0000918, GO:0005886, GO:0032955
Q89MV8	GO:0000035, GO:0000036, GO:0005829, GO:0009245, GO:0031177
Q89MW4	GO:0003735, GO:0006412, GO:0022627, GO:0070181
Q89RW0	GO:0005829, GO:0006308, GO:0008855, GO:0009318
Q89UH1	GO:0003743, GO:0005829, GO:0019843, GO:0043022
Q89W61	GO:0003735, GO:0006412, GO:0015935, GO:0070181
Q89WB2	GO:0003735, GO:0006412, GO:0019843, GO:0022627
Q89WH9	GO:0003735, GO:0006412, GO:0022625
Q89WZ6	GO:0006729, GO:0008124
Q89X93	GO:0003735, GO:0006412, GO:0022625
Q89ZR3	GO:0003735, GO:0006412, GO:0022625
Q8A276	GO:0003735, GO:0005829, GO:0006412, GO:0015935, GO:0070181
Q8A2E6	GO:0000035, GO:0000036, GO:0005829, GO:0009245, GO:0031177
Q8A418	GO:0003735, GO:0006412, GO:0019843, GO:0022627
Q8A480	GO:0000028, GO:0003735, GO:0006412, GO:0019843, GO:0022627
Q8A484	GO:0003735, GO:0006412, GO:0022625
Q8A485	GO:0003735, GO:0006412, GO:0019843, GO:0022627
Q8A489	GO:0003735, GO:0005737, GO:0006412, GO:0015935, GO:0019843
Q8A494	GO:0003735, GO:0006412, GO:0022625
Q8A498	GO:0003743, GO:0005829, GO:0019843, GO:0043022
Q8A5S6	GO:0003735, GO:0006412, GO:0022627, GO:0070181
Q8A999	GO:0003735, GO:0005840, GO:0006412, GO:1990904
Q8AAP0	GO:0003735, GO:0006412, GO:0022625
Q8ABV5	GO:0003735, GO:0006412, GO:0019843, GO:0022627
Q8CWQ0	GO:0003735, GO:0006412, GO:0019843, GO:0022627
Q8CWS0	GO:0003735, GO:0005829, GO:0006412, GO:0015935, GO:0070181
Q8CWV1	GO:0003735, GO:0006412, GO:0022625
Q8CWV6	GO:0000027, GO:0003735, GO:0006412, GO:0019843, GO:0022625
Q8E9M3	GO:0003735, GO:0006412, GO:0022625
Q8E9M4	GO:0003735, GO:0006412, GO:0022625
Q8EAH4	GO:0003735, GO:0006412, GO:0022627, GO:0070181
Q8EB81	GO:0003735, GO:0006412, GO:0022625
Q8EBH9	GO:0003735, GO:0005829, GO:0006412, GO:0015935, GO:0070181
Q8EBR1	GO:0005886, GO:0030428, GO:0032153, GO:0043093
Q8EBS3	GO:0005829, GO:0006109, GO:0006402, GO:0045947, GO:0045948, GO:0048027
Q8EBX6	GO:0005506, GO:0005829, GO:0034599
Q8EDH4	GO:0000035, GO:0000036, GO:0005829, GO:0009245
Q8EDW6	GO:0003743, GO:0005829, GO:0019843, GO:0043022
Q8EE12	GO:0000918, GO:0005886, GO:0032955
Q8EEI1	GO:0003677, GO:0005694, GO:0005829, GO:0006310, GO:0006355, GO:0006417, GO:0030527
Q8EER7	GO:0003735, GO:0006412, GO:0022625
Q8EF74	GO:0003735, GO:0006412, GO:0008097, GO:0022625
Q8EF98	GO:0003677, GO:0005829, GO:0006310, GO:0006355, GO:0006417, GO:0030527
Q8EH72	GO:0003735, GO:0005737, GO:0006412, GO:0015935
Q8EH90	GO:0005737, GO:0006105
Q8EHL3	GO:0003735, GO:0006412, GO:0019843, GO:0022627
Q8EJ69	GO:0003723, GO:0005829, GO:0006355, GO:0043487, GO:0045974
Q8EK52	GO:0003735, GO:0006412, GO:0022625
Q8EK60	GO:0003735, GO:0006412, GO:0019843, GO:0022627
Q8EK61	GO:0003735, GO:0006412, GO:0022625
Q8EK64	GO:0000028, GO:0003735, GO:0006412, GO:0019843, GO:0022627
Q8EK66	GO:0000027, GO:0003735, GO:0006412, GO:0019843, GO:0022625
Q8EXX4	GO:0000035, GO:0000036, GO:0005829, GO:0009245
Q8EYB0	GO:0005829, GO:0006109, GO:0006402, GO:0044781, GO:0045947, GO:0048027, GO:1902208
Q8EZQ3	GO:0003735, GO:0005829, GO:0006412, GO:0015935, GO:0070181
Q8F3L1	GO:0003735, GO:0005737, GO:0006412, GO:0015935
Q8F3P4	GO:0005829, GO:0006308, GO:0008855, GO:0009318
Q8F483	GO:0003735, GO:0005840, GO:0006412, GO:1990904
Q8F5K4	GO:0003735, GO:0006412, GO:0022627, GO:0070181
Q8F5K6	GO:0003735, GO:0005840, GO:0006412, GO:0070181, GO:1990904
Q8F5Z7	GO:0003723, GO:0005829, GO:0006355, GO:0043487, GO:0045974
Q8F6Q8	GO:0003735, GO:0006412, GO:0022625
Q8F7J9	GO:0003735, GO:0006412, GO:0019843, GO:0022627
Q8F7U1	GO:0003735, GO:0006412, GO:0022625
Q8P7L2	GO:0005829, GO:0006308, GO:0008855, GO:0009318
Q8P7V0	GO:0003735, GO:0006412, GO:0019843, GO:0022627
Q8P829	GO:0005506, GO:0005829, GO:0034599
Q8P8V6	GO:0005737, GO:0006105
Q8P997	GO:0003743, GO:0005829, GO:0019843, GO:0043022
Q8P9W9	GO:0005829, GO:0006109, GO:0006402, GO:0045947, GO:0045948, GO:0048027
Q8P9X7	GO:0003723, GO:0005829, GO:0006355, GO:0043487, GO:0045974
Q8PAC1	GO:0003735, GO:0006412, GO:0022627, GO:0070181
Q8PBC3	GO:0003735, GO:0005737, GO:0006412, GO:0015935
Q8PBG9	GO:0003735, GO:0005829, GO:0006412, GO:0015935, GO:0070181
Q8PBH1	GO:0003735, GO:0006412, GO:0022625
Q8PBJ6	GO:0000918, GO:0005886, GO:0032955
Q8PC35	GO:0003735, GO:0006412, GO:0022625
Q8PC41	GO:0003735, GO:0006412, GO:0019843, GO:0022627
Q8PC42	GO:0003735, GO:0006412, GO:0022625
Q8PC45	GO:0000028, GO:0003735, GO:0006412, GO:0019843, GO:0022627
Q8PC47	GO:0000027, GO:0003735, GO:0006412, GO:0019843, GO:0022625
Q8PCK6	GO:0005886, GO:0032153, GO:0043093
Q8PD37	GO:0006355, GO:0043565
Q8R5W2	GO:0003743, GO:0005829, GO:0019843, GO:0043022
Q8RDV8	GO:0003735, GO:0005737, GO:0006412, GO:0015935
Q8RDX9	GO:0003735, GO:0006412, GO:0015934
Q8REI3	GO:0003735, GO:0006412, GO:0022625
Q8RGH1	GO:0003735, GO:0006412, GO:0022625
Q8RGV0	GO:0000918, GO:0005886, GO:0032955
Q8RGX5	GO:0000035, GO:0000036, GO:0005829, GO:0009245, GO:0031177
Q8RHN4	GO:0003735, GO:0006412, GO:0019843, GO:0022627
Q8RHW1	GO:0003735, GO:0005829, GO:0006412, GO:0015935, GO:0070181
Q8RIE3	GO:0003735, GO:0005737, GO:0005840, GO:0006412, GO:0070181, GO:1990904
Q8RIE4	GO:0003735, GO:0006412, GO:0022627, GO:0070181
Q8RIF7	GO:0000027, GO:0003735, GO:0006412, GO:0019843, GO:0022625
Q8RIF9	GO:0000028, GO:0003735, GO:0006412, GO:0019843, GO:0022627
Q8RIG3	GO:0003735, GO:0006412, GO:0022625
Q8RIG4	GO:0003735, GO:0006412, GO:0019843, GO:0022627
Q8RIG9	GO:0003735, GO:0005737, GO:0006412, GO:0015935, GO:0019843
Q8RIH4	GO:0003735, GO:0006412, GO:0022625
Q8TIN2	GO:0003735, GO:0006412, GO:0022625
Q8TIN3	GO:0002181, GO:0003735, GO:0022625
Q8TQL8	GO:0000028, GO:0003735, GO:0006412, GO:0022627, GO:0030490
Q8TQU3	GO:0003735, GO:0006412, GO:0022625
Q8TRB9	GO:0003723, GO:0003735, GO:0006412, GO:0022625
Q8TRT3	GO:0002181, GO:0003735, GO:0008270, GO:0019843, GO:0022627
Q8TRU5	GO:0000027, GO:0003735, GO:0006412, GO:0019843, GO:0022625
Q8Y441	GO:0000027, GO:0003735, GO:0006412, GO:0019843, GO:0022625
Q8Y620	GO:0003735, GO:0005737, GO:0006412, GO:0015935, GO:0019843
Q8Y699	GO:0003735, GO:0005737, GO:0006412, GO:0015935
Q8Y7C3	GO:0005829, GO:0006308, GO:0008855, GO:0009318
Q8YAR9	GO:0003735, GO:0005737, GO:0005840, GO:0006412, GO:0070181, GO:1990904
Q8ZAX8	GO:0003700, GO:0043565
Q8ZB83	GO:0003735, GO:0006412, GO:0022627, GO:0070181
Q8ZBA7	GO:0003735, GO:0006412, GO:0022625
Q8ZBC5	GO:0003735, GO:0006412, GO:0019843, GO:0022627
Q8ZBU7	GO:0003735, GO:0005737, GO:0006412, GO:0015935
Q8ZC47	GO:0005829, GO:0006308, GO:0008855, GO:0009318
Q8ZDW7	GO:0003735, GO:0006412, GO:0022625
Q8ZDX2	GO:0003677, GO:0005829, GO:0006310, GO:0006355, GO:0006417, GO:0030527
Q8ZES7	GO:0000918, GO:0005886, GO:0032955
Q8ZFT4	GO:0000035, GO:0000036, GO:0005829, GO:0009245
Q8ZGB1	GO:0003677, GO:0005694, GO:0005829, GO:0006310, GO:0006355, GO:0006417, GO:0030527
Q8ZGM4	GO:0003735, GO:0006412, GO:0008097, GO:0022625
Q8ZHE7	GO:0005506, GO:0005829, GO:0034599
Q8ZHJ5	GO:0005737, GO:0006105
Q8ZIM3	GO:0003735, GO:0005829, GO:0006412, GO:0015935, GO:0070181
Q8ZJA3	GO:0003735, GO:0006412, GO:0019843, GO:0022627
Q8ZJA4	GO:0003735, GO:0006412, GO:0022625
Q8ZJA8	GO:0000028, GO:0003735, GO:0006412, GO:0019843, GO:0022627
Q8ZJB6	GO:0002143, GO:1990228
Q8ZJP1	GO:0003735, GO:0006412, GO:0022625
Q8ZJP2	GO:0003735, GO:0006412, GO:0022625
Q8ZK81	GO:0003735, GO:0006412, GO:0022627, GO:0070181
Q8ZLL9	GO:0002143, GO:1990228
Q8ZTA7	GO:0000028, GO:0003735, GO:0006412, GO:0022627, GO:0030490
Q8ZTB5	GO:0003735, GO:0006412, GO:0022625
Q8ZTU2	GO:0002181, GO:0003735, GO:0022625
Q8ZTX6	GO:0003735, GO:0006412, GO:0022625
Q8ZTY4	GO:0000028, GO:0003723, GO:0003735, GO:0006412, GO:0008270, GO:0022627
Q8ZVL3	GO:0003690, GO:0003723, GO:0005694, GO:0005737, GO:0030261
Q8ZVW1	GO:0002181, GO:0003735, GO:0008270, GO:0019843, GO:0022627
Q8ZW50	GO:0000027, GO:0003735, GO:0006412, GO:0019843, GO:0022625
Q8ZWI1	GO:0003735, GO:0006412, GO:0022625
Q8ZXK6	GO:0003998
Q927L6	GO:0003735, GO:0006412, GO:0019843, GO:0022627
Q927M5	GO:0003735, GO:0006412, GO:0022625
Q92C24	GO:0003735, GO:0006412, GO:0019843, GO:0022627
Q93S00	GO:0003735, GO:0006412, GO:0022625
Q97WM6	GO:0006729, GO:0008124
Q97Z80	GO:0000028, GO:0003723, GO:0003735, GO:0006412, GO:0008270, GO:0022627
Q97ZQ1	GO:0003723, GO:0003735, GO:0006412, GO:0008270, GO:0019843, GO:0022625
Q97ZQ4	GO:0000027, GO:0003735, GO:0006412, GO:0019843, GO:0022625
Q980C1	GO:0003723, GO:0003735, GO:0006412, GO:0022625, GO:0042273
Q980F9	GO:0003735, GO:0006412, GO:0022625
Q980Q5	GO:0000028, GO:0003735, GO:0006412, GO:0022627, GO:0030490
Q99039	GO:1900192
Q9A4F4	GO:0009432
Q9A9D4	GO:0006355, GO:0009432
Q9FBM4	GO:0005829, GO:0006308, GO:0008855, GO:0009318
Q9HMM9	GO:0003735, GO:0006412, GO:0022625
Q9HMN0	GO:0002181, GO:0003735, GO:0022625
Q9HN64	GO:0003723, GO:0003743, GO:0005737, GO:0006413
Q9HP73	GO:0006729, GO:0008124
Q9HP87	GO:0003723, GO:0003743, GO:0005737, GO:0006413
Q9HPC0	GO:0002181, GO:0003735, GO:0008270, GO:0019843, GO:0022627
Q9HQ21	GO:0006617, GO:0008312, GO:0048500
Q9HTL0	GO:0003677, GO:0005829, GO:0030261, GO:0030527
Q9HTN8	GO:0003735, GO:0006412, GO:0022625
Q9HTN9	GO:0000049, GO:0003735, GO:0006412, GO:0022625
Q9HU36	GO:0005506, GO:0005829, GO:0034599
Q9HU55	GO:0005737, GO:0015038, GO:0034599, GO:0045454
Q9HUB5	GO:0008320, GO:0033281, GO:0043953
Q9HUN0	GO:0003735, GO:0006412, GO:0022627, GO:0070181
Q9HV58	GO:0003735, GO:0006412, GO:0019843, GO:0022627
Q9HVL7	GO:0003735, GO:0006412, GO:0022625
Q9HVZ6	GO:0005886, GO:0032153, GO:0043093
Q9HWD7	GO:0000027, GO:0003735, GO:0006412, GO:0019843, GO:0022625
Q9HWD9	GO:0000028, GO:0003735, GO:0006412, GO:0019843, GO:0022627
Q9HWE3	GO:0003735, GO:0006412, GO:0022625
Q9HWE4	GO:0003735, GO:0006412, GO:0019843, GO:0022627
Q9HWF3	GO:0003735, GO:0006412, GO:0022625
Q9HWY5	GO:0005829, GO:0006308, GO:0008855, GO:0009318
Q9HXP9	GO:0003735, GO:0005737, GO:0006412, GO:0015935
Q9HXZ6	GO:0005886, GO:0030428, GO:0032153, GO:0043093
Q9HYZ5	GO:0000918, GO:0005886, GO:0032955
Q9I0A1	GO:0003735, GO:0006412, GO:0022625
Q9I3N4	GO:0005886, GO:0015886, GO:0017004, GO:1903607
Q9I504	GO:0003998
Q9I5G9	GO:0005737, GO:0006105
Q9I701	GO:0019483
Q9I740	GO:0033103, GO:0097351
Q9JY15	GO:0005737, GO:0009055, GO:0045454
Q9K1A5	GO:0005829, GO:0006308, GO:0008855, GO:0009318
Q9K1H9	GO:0000918, GO:0005886, GO:0032955
Q9KL16	GO:0003676, GO:0003677, GO:0005829, GO:0010468
Q9KN00	GO:0003676, GO:0003677, GO:0005829, GO:0010468
Q9KNY6	GO:0000027, GO:0003735, GO:0006412, GO:0019843, GO:0022625
Q9KNY8	GO:0000028, GO:0003735, GO:0006412, GO:0019843, GO:0022627
Q9KNZ2	GO:0003735, GO:0006412, GO:0022625
Q9KNZ3	GO:0003735, GO:0006412, GO:0019843, GO:0022627
Q9KP02	GO:0003735, GO:0006412, GO:0022625
Q9KPA2	GO:0005737, GO:0006105
Q9KQN7	GO:0000918, GO:0005886, GO:0032955
Q9KQS9	GO:0003677, GO:0005829, GO:0030261, GO:0030527
Q9KQT4	GO:0003677, GO:0005694, GO:0005829, GO:0006310, GO:0006355, GO:0006417, GO:0030527
Q9KRK0	GO:0003735, GO:0006412, GO:0008097, GO:0022625
Q9KSA4	GO:0003998
Q9KSN4	GO:0003677, GO:0005829, GO:0006310, GO:0006355, GO:0006417, GO:0030527
Q9KSW0	GO:0005737, GO:0009055, GO:0015035, GO:0015038, GO:0034599, GO:0045454
Q9KSW4	GO:0003676, GO:0003677, GO:0005829, GO:0006355, GO:0010468
Q9KTL1	GO:0005829, GO:0006308, GO:0008855, GO:0009318
Q9KU77	GO:0003735, GO:0006412, GO:0019843, GO:0022627
Q9KUG0	GO:0003735, GO:0005737, GO:0006412, GO:0015935
Q9KUH3	GO:0005829, GO:0006109, GO:0006402, GO:0045947, GO:0045948, GO:0048027
Q9KUJ3	GO:0005886, GO:0030428, GO:0032153, GO:0043093
Q9KUR4	GO:0005506, GO:0005829, GO:0034599
Q9KUS9	GO:0003735, GO:0006412, GO:0022625
Q9KUZ0	GO:0003735, GO:0006412, GO:0022627, GO:0070181
Q9KUZ1	GO:0003697, GO:0006269, GO:0009295, GO:1990077
Q9KV83	GO:0003677, GO:0005829, GO:0030261, GO:0030527
Q9KVC7	GO:0003735, GO:0006412, GO:0022625
Q9KVC8	GO:0003735, GO:0006412, GO:0022625
Q9L0D1	GO:0003735, GO:0006412, GO:0019843, GO:0022627
Q9L0D2	GO:0003735, GO:0006412, GO:0022625
Q9L0D6	GO:0000028, GO:0003735, GO:0006412, GO:0019843, GO:0022627
Q9L1I1	GO:0003735, GO:0006412, GO:0022625
Q9R5C6	GO:0005576, GO:0042742
Q9RDM3	GO:0003735, GO:0005829, GO:0006412, GO:0015935, GO:0070181
Q9RK61	GO:0000035, GO:0000036, GO:0005829, GO:0009245
Q9RSK1	GO:0003743, GO:0005829, GO:0019843, GO:0043022
Q9RSL5	GO:0003735, GO:0005737, GO:0006412, GO:0015935, GO:0019843
Q9RT27	GO:0000035, GO:0000036, GO:0005829, GO:0009245
Q9RUS3	GO:0003735, GO:0006412, GO:0015935, GO:0070181
Q9RUT7	GO:0003735, GO:0005737, GO:0006412, GO:0015935
Q9RWB8	GO:0000918, GO:0005886, GO:0032955
Q9RXH2	GO:0003735, GO:0006412, GO:0019843, GO:0022627
Q9RXJ3	GO:0003735, GO:0006412, GO:0019843, GO:0022627
Q9RXJ8	GO:0000028, GO:0003735, GO:0006412, GO:0019843, GO:0022627
Q9RY50	GO:0003735, GO:0006412, GO:0022627, GO:0070181
Q9WY93	GO:0005829, GO:0006109, GO:0006402, GO:0044781, GO:0045947, GO:0048027, GO:1902208
Q9WYZ6	GO:0003723, GO:0005829, GO:0006355, GO:0043487, GO:0045974
Q9WZ74	GO:0003735, GO:0006412, GO:0022627, GO:0070181
Q9WZD0	GO:0000035, GO:0000036, GO:0005829, GO:0009245
Q9X165	GO:0003735, GO:0006412, GO:0019843, GO:0022627
Q9X1G7	GO:0003735, GO:0006412, GO:0022625
Q9X1J1	GO:0003735, GO:0006412, GO:0022625
Q9X1Q0	GO:0003998
Q9X1Q2	GO:0003735, GO:0005737, GO:0006412, GO:0015935
Q9X1S7	GO:0003735, GO:0006412, GO:0022625
Q9X1Y7	GO:0003735, GO:0005829, GO:0006412, GO:0015935, GO:0070181
Q9X290	GO:0005829, GO:0006308, GO:0008855, GO:0009318
Q9X450	GO:0004318, GO:0030497, GO:0042802
Q9X8K4	GO:0003735, GO:0006412, GO:0022627, GO:0070181
Q9X8K7	GO:0003735, GO:0006412, GO:0022625
Q9X8K8	GO:0003735, GO:0005840, GO:0006412, GO:1990904
Q9X8U2	GO:0003735, GO:0005737, GO:0005840, GO:0006412, GO:0070181, GO:1990904
Q9XD14	GO:0003743, GO:0005829, GO:0019843, GO:0043022
Q9XD18	GO:0003735, GO:0006412, GO:0022625
Q9XD23	GO:0003735, GO:0005737, GO:0006412, GO:0008270, GO:0015935, GO:0019843
Q9XD27	GO:0003735, GO:0006412, GO:0019843, GO:0022627
Q9XD28	GO:0003735, GO:0006412, GO:0022625
Q9XD32	GO:0000028, GO:0003735, GO:0006412, GO:0019843, GO:0022627
Q9Z4V8	GO:0003723, GO:0004519, GO:0006401, GO:0045892
Q9ZAE6	GO:0003735, GO:0005737, GO:0006412, GO:0008270, GO:0015935, GO:0019843
Q9ZBQ8	GO:0003735, GO:0006412, GO:0015934
V6F244	GO:0110146
C0H3Q6	GO:0005829, GO:0019290
C0H403	GO:0008932
C1P612	GO:0036460
O06777	GO:0005886
O32082	GO:0005886, GO:0006974
O34719	GO:0005886
O84673	GO:0042802
P0AAU2	GO:0009314
P0AAZ7	GO:0005829
P0AB31	GO:0006974
P0AB61	GO:0005829
P0ACV8	GO:0005829
P0AD33	GO:0005829
P0AD74	GO:0006355
P0ADC8	GO:0006974
P0ADP9	GO:0005829
P0DSF8	GO:0030308
P29010	GO:0044659
P31121	GO:0030288, GO:0046677
P32162	GO:0005829
P38394	GO:0008270
P44027	GO:0005829
P44221	GO:0008270, GO:1900378
P44465	GO:0005829
P44686	GO:0005829
P45807	GO:0036460
P52060	GO:0005737
P64131	GO:0006355, GO:0043565
P64463	GO:0005829
P64474	GO:0042542
P64479	GO:0004521, GO:0006974
P64540	GO:0005829
P64574	GO:1901422
P67537	GO:0005829
P71357	GO:0006351, GO:0006355
P75620	GO:0006974
P75994	GO:0044010
P76073	GO:0009409
P76154	GO:0009409
P76575	GO:0071978
P9WIP5	GO:0005829, GO:0019290
P9WJ17	GO:0052572
P9WKL9	GO:0005886, GO:0009274
P9WKS9	GO:0005886
P9WLD5	GO:0009274
P9WLP5	GO:0005886
P9WLT7	GO:0052167
Q2EEU2	GO:0044547
Q45252	GO:0005506, GO:0051604, GO:1902670
Q47710	GO:0005829
Q51384	GO:0005829, GO:0008198, GO:0016226
Q57653	GO:0005506, GO:0051604, GO:1902670
Q58035	GO:0005737
Q58953	GO:0005829, GO:0006351
Q5JDH7	GO:0001731, GO:0002188, GO:0003729, GO:0003743
Q5JHB2	GO:0005737
Q74VT6	GO:0005829
Q7CQT7	GO:0005829
Q7DDM0	GO:0005829
Q89WS6	GO:0005829
Q8EBY9	GO:0005737
Q8EDF2	GO:0005829
Q8EHQ4	GO:0005829
Q8RG97	GO:0005829
Q8TL08	GO:0005829, GO:0006351
Q8TL47	GO:0003723, GO:1990904
Q8ZDG8	GO:0005829
Q8ZHF5	GO:0005737
Q8ZM46	GO:0005737
Q8ZSU2	GO:0005829, GO:0006351
Q9HME3	GO:0001731, GO:0002188, GO:0003729, GO:0003743
Q9HZM4	GO:0005829
Q9JYC2	GO:0005829, GO:0006351
Q9KQX1	GO:0005829
Q9KTF7	GO:0005829
Q9KUQ7	GO:0005737
Q9X6V8	GO:0005829
